"","Time","Year","Month","Day","Season","ClimScenario","Lat_COG_10thPercentile","Lat_COG_Mean","Lat_COG_90thPercentile"
"1",1985-03-16,"1985","03","16","Spring","SSP5_85",4639.95624336467,4647.35863456558,4653.98068054148
"2",1985-07-16,"1985","07","16","Summer","SSP5_85",4749.49989146936,4756.80109899542,4765.05101541186
"3",1985-10-16,"1985","10","16","Fall","SSP5_85",4737.46069547676,4744.40659904647,4750.45266616498
"4",1986-03-16,"1986","03","16","Spring","SSP5_85",4645.50340736709,4651.88191079754,4659.77103038227
"5",1986-07-16,"1986","07","16","Summer","SSP5_85",4750.8562115279,4759.26747223228,4766.51503481034
"6",1986-10-16,"1986","10","16","Fall","SSP5_85",4736.96980563275,4744.39750592955,4754.02287012171
"7",1987-03-16,"1987","03","16","Spring","SSP5_85",4643.78044529056,4650.87704770112,4659.71652697146
"8",1987-07-16,"1987","07","16","Summer","SSP5_85",4747.92306503035,4755.29049175424,4763.62315460788
"9",1987-10-16,"1987","10","16","Fall","SSP5_85",4732.51744200601,4738.72534600321,4745.29078849046
"10",1988-03-16,"1988","03","16","Spring","SSP5_85",4639.21941885307,4646.99377218215,4655.03787385601
"11",1988-07-16,"1988","07","16","Summer","SSP5_85",4750.88841302824,4758.1279343034,4764.15618752981
"12",1988-10-16,"1988","10","16","Fall","SSP5_85",4736.46398433061,4744.31329016847,4752.48907406339
"13",1989-03-16,"1989","03","16","Spring","SSP5_85",4640.74856791183,4648.17763974407,4655.31538279999
"14",1989-07-16,"1989","07","16","Summer","SSP5_85",4748.78515896452,4756.34111693209,4763.25354284648
"15",1989-10-16,"1989","10","16","Fall","SSP5_85",4737.93012657069,4746.03964194035,4752.82234580281
"16",1990-03-16,"1990","03","16","Spring","SSP5_85",4639.77394172747,4648.14979536666,4655.78328390688
"17",1990-07-16,"1990","07","16","Summer","SSP5_85",4747.5704946918,4755.01897497022,4762.53197276061
"18",1990-10-16,"1990","10","16","Fall","SSP5_85",4738.45839727203,4743.93012480959,4752.46826345513
"19",1991-03-16,"1991","03","16","Spring","SSP5_85",4641.35366131922,4648.52442438674,4656.10098863422
"20",1991-07-16,"1991","07","16","Summer","SSP5_85",4746.50547691387,4756.0849624087,4763.04232390997
"21",1991-10-16,"1991","10","16","Fall","SSP5_85",4738.52320550357,4746.39022237467,4754.15725884361
"22",1992-03-16,"1992","03","16","Spring","SSP5_85",4641.49755950777,4649.33575995267,4654.60608267898
"23",1992-07-16,"1992","07","16","Summer","SSP5_85",4744.13355856409,4751.18312702452,4758.7820815685
"24",1992-10-16,"1992","10","16","Fall","SSP5_85",4734.76005663352,4743.3375180333,4750.97096195443
"25",1993-03-16,"1993","03","16","Spring","SSP5_85",4645.59168312747,4651.50284566684,4658.81447490435
"26",1993-07-16,"1993","07","16","Summer","SSP5_85",4744.38410866418,4750.93504425613,4758.62904342648
"27",1993-10-16,"1993","10","16","Fall","SSP5_85",4734.83171740154,4742.85929253741,4752.15530860039
"28",1994-03-16,"1994","03","16","Spring","SSP5_85",4642.61208262814,4651.25086179884,4659.17017374831
"29",1994-07-16,"1994","07","16","Summer","SSP5_85",4745.34542559073,4755.56360333828,4763.21469311438
"30",1994-10-16,"1994","10","16","Fall","SSP5_85",4738.12078057744,4744.71335447069,4752.40025970454
"31",1995-03-16,"1995","03","16","Spring","SSP5_85",4642.32141058496,4647.81158063525,4656.01796340886
"32",1995-07-16,"1995","07","16","Summer","SSP5_85",4750.5357439713,4756.97093004424,4764.89917619809
"33",1995-10-16,"1995","10","16","Fall","SSP5_85",4737.62716938696,4745.41036893574,4754.42931205199
"34",1996-03-16,"1996","03","16","Spring","SSP5_85",4642.68656327659,4649.69940621497,4656.98557005914
"35",1996-07-16,"1996","07","16","Summer","SSP5_85",4745.35447486435,4752.73654041346,4760.70262024099
"36",1996-10-16,"1996","10","16","Fall","SSP5_85",4737.67297047953,4744.44893094391,4752.95539947111
"37",1997-03-16,"1997","03","16","Spring","SSP5_85",4643.41907502518,4648.93869901193,4656.46389342033
"38",1997-07-16,"1997","07","16","Summer","SSP5_85",4748.59047950546,4755.73421086899,4762.96652642632
"39",1997-10-16,"1997","10","16","Fall","SSP5_85",4742.37820368913,4750.29564383513,4757.36875509395
"40",1998-03-16,"1998","03","16","Spring","SSP5_85",4647.77329928927,4656.46779901656,4665.29283763823
"41",1998-07-16,"1998","07","16","Summer","SSP5_85",4750.1058492565,4756.7117632881,4764.78465518432
"42",1998-10-16,"1998","10","16","Fall","SSP5_85",4741.64251996163,4749.2016665126,4757.83455109277
"43",1999-03-16,"1999","03","16","Spring","SSP5_85",4646.39888381156,4652.462401662,4660.59913127533
"44",1999-07-16,"1999","07","16","Summer","SSP5_85",4746.62032019337,4753.72795875558,4760.9894776386
"45",1999-10-16,"1999","10","16","Fall","SSP5_85",4741.15771982349,4747.10906424584,4755.63652889156
"46",2000-03-16,"2000","03","16","Spring","SSP5_85",4641.08627433545,4647.95134006931,4654.40975646149
"47",2000-07-16,"2000","07","16","Summer","SSP5_85",4745.40803423823,4753.39332028959,4759.64240260683
"48",2000-10-16,"2000","10","16","Fall","SSP5_85",4738.12520318055,4745.81950663087,4754.35342368021
"49",2001-03-16,"2001","03","16","Spring","SSP5_85",4642.89384422894,4651.52013287825,4659.57030670206
"50",2001-07-16,"2001","07","16","Summer","SSP5_85",4750.73018634986,4758.24449277331,4763.49316064178
"51",2001-10-16,"2001","10","16","Fall","SSP5_85",4740.48858361055,4748.38922284618,4754.8037717559
"52",2002-03-16,"2002","03","16","Spring","SSP5_85",4646.56181298631,4653.23329076741,4659.96809869756
"53",2002-07-16,"2002","07","16","Summer","SSP5_85",4749.33091750584,4757.54822128655,4763.13009746485
"54",2002-10-16,"2002","10","16","Fall","SSP5_85",4740.82503339607,4749.20931492448,4756.17660538034
"55",2003-03-16,"2003","03","16","Spring","SSP5_85",4648.18023607263,4653.55414769151,4661.77611867196
"56",2003-07-16,"2003","07","16","Summer","SSP5_85",4748.18646607232,4756.57758662987,4762.12772348117
"57",2003-10-16,"2003","10","16","Fall","SSP5_85",4730.42176169888,4737.90395882969,4746.00024339107
"58",2004-03-16,"2004","03","16","Spring","SSP5_85",4645.40223695539,4654.93177256005,4661.55266428099
"59",2004-07-16,"2004","07","16","Summer","SSP5_85",4743.50977177788,4752.23056197214,4760.28028314356
"60",2004-10-16,"2004","10","16","Fall","SSP5_85",4738.04938140501,4745.18543660638,4751.61973035577
"61",2005-03-16,"2005","03","16","Spring","SSP5_85",4647.61106400729,4655.37855544812,4661.95898921689
"62",2005-07-16,"2005","07","16","Summer","SSP5_85",4748.44823809717,4755.92821601142,4762.60517386616
"63",2005-10-16,"2005","10","16","Fall","SSP5_85",4732.34037844491,4739.72795968792,4746.69139780197
"64",2006-03-16,"2006","03","16","Spring","SSP5_85",4647.19045969317,4652.0937771575,4659.07869002148
"65",2006-07-16,"2006","07","16","Summer","SSP5_85",4749.87531949181,4757.96354138035,4766.20214565355
"66",2006-10-16,"2006","10","16","Fall","SSP5_85",4741.11627940147,4748.01060007835,4756.11095527375
"67",2007-03-16,"2007","03","16","Spring","SSP5_85",4641.79611969154,4648.2115800597,4656.73117457764
"68",2007-07-16,"2007","07","16","Summer","SSP5_85",4748.58316735876,4756.66309508419,4762.91122585056
"69",2007-10-16,"2007","10","16","Fall","SSP5_85",4742.8841965434,4749.93607444508,4757.07667140628
"70",2008-03-16,"2008","03","16","Spring","SSP5_85",4647.37280245093,4654.66243970067,4660.78661016338
"71",2008-07-16,"2008","07","16","Summer","SSP5_85",4749.32435465647,4758.29953091271,4765.26592668749
"72",2008-10-16,"2008","10","16","Fall","SSP5_85",4742.27640828485,4749.27228042243,4757.09627756835
"73",2009-03-16,"2009","03","16","Spring","SSP5_85",4648.91166719226,4654.83427187826,4663.34090848514
"74",2009-07-16,"2009","07","16","Summer","SSP5_85",4749.76045458157,4760.03540483973,4767.18827156476
"75",2009-10-16,"2009","10","16","Fall","SSP5_85",4742.10597722097,4748.36997891943,4755.46476642746
"76",2010-03-16,"2010","03","16","Spring","SSP5_85",4648.48419962861,4655.73500737612,4661.13370217493
"77",2010-07-16,"2010","07","16","Summer","SSP5_85",4749.72563420765,4756.64716675976,4764.83916264084
"78",2010-10-16,"2010","10","16","Fall","SSP5_85",4737.995155371,4743.92797292716,4750.99679198184
"79",2011-03-16,"2011","03","16","Spring","SSP5_85",4641.89259615501,4647.45630829153,4653.94679519004
"80",2011-07-16,"2011","07","16","Summer","SSP5_85",4748.22075435822,4755.59204453338,4762.57928548948
"81",2011-10-16,"2011","10","16","Fall","SSP5_85",4739.68757593582,4746.30012623483,4754.10771936565
"82",2012-03-16,"2012","03","16","Spring","SSP5_85",4648.03649198847,4657.02900077966,4664.94451161679
"83",2012-07-16,"2012","07","16","Summer","SSP5_85",4750.11238983648,4756.17835828067,4762.88756187884
"84",2012-10-16,"2012","10","16","Fall","SSP5_85",4740.78716245645,4747.6861078355,4755.26528572655
"85",2013-03-16,"2013","03","16","Spring","SSP5_85",4654.9856433884,4662.8480479812,4670.28406145974
"86",2013-07-16,"2013","07","16","Summer","SSP5_85",4749.61036651752,4756.73664922507,4763.32671770838
"87",2013-10-16,"2013","10","16","Fall","SSP5_85",4729.16631006808,4736.71234093737,4743.78064196373
"88",2014-03-16,"2014","03","16","Spring","SSP5_85",4650.10150817592,4656.13523023014,4662.69477024691
"89",2014-07-16,"2014","07","16","Summer","SSP5_85",4751.64313977998,4759.10103146242,4766.82910247556
"90",2014-10-16,"2014","10","16","Fall","SSP5_85",4739.94531574034,4746.36216496861,4754.71567282798
"91",2015-03-16,"2015","03","16","Spring","SSP5_85",4652.76817721056,4660.22985164622,4666.95921480039
"92",2015-07-16,"2015","07","16","Summer","SSP5_85",4751.92059788127,4759.65522521808,4766.4054909899
"93",2015-10-16,"2015","10","16","Fall","SSP5_85",4744.21372415148,4751.5740292905,4759.5609788551
"94",2016-03-16,"2016","03","16","Spring","SSP5_85",4651.30917768395,4658.58362952453,4666.0522957368
"95",2016-07-16,"2016","07","16","Summer","SSP5_85",4752.67978337003,4760.79877535694,4768.23669350235
"96",2016-10-16,"2016","10","16","Fall","SSP5_85",4740.4221563162,4748.09471976942,4756.03651592362
"97",2017-03-16,"2017","03","16","Spring","SSP5_85",4640.7299991557,4659.27441526845,4678.67996632649
"98",2017-07-16,"2017","07","16","Summer","SSP5_85",4743.11312629888,4763.07872535567,4777.25122188026
"99",2017-10-16,"2017","10","16","Fall","SSP5_85",4728.63850176025,4747.03941536882,4766.83185137024
"100",2018-03-16,"2018","03","16","Spring","SSP5_85",4625.52118415027,4659.59239484045,4689.27823667766
"101",2018-07-16,"2018","07","16","Summer","SSP5_85",4731.7369178851,4762.35437802398,4785.71917370659
"102",2018-10-16,"2018","10","16","Fall","SSP5_85",4718.66135956313,4746.75012074793,4777.01706735031
"103",2019-03-16,"2019","03","16","Spring","SSP5_85",4613.44121721266,4658.54769496473,4699.845936892
"104",2019-07-16,"2019","07","16","Summer","SSP5_85",4723.42089349378,4762.84823681496,4795.37074727443
"105",2019-10-16,"2019","10","16","Fall","SSP5_85",4709.15998605644,4746.50342008483,4785.92409937376
"106",2020-03-16,"2020","03","16","Spring","SSP5_85",4599.83069815791,4656.76383504484,4710.53857212369
"107",2020-07-16,"2020","07","16","Summer","SSP5_85",4710.6368000097,4761.9728427571,4805.53334685321
"108",2020-10-16,"2020","10","16","Fall","SSP5_85",4699.01590971162,4743.64286146734,4794.60418761895
"109",2021-03-16,"2021","03","16","Spring","SSP5_85",4589.24012309967,4656.93806656872,4722.69970891273
"110",2021-07-16,"2021","07","16","Summer","SSP5_85",4698.6163484206,4760.71666893086,4815.84055625822
"111",2021-10-16,"2021","10","16","Fall","SSP5_85",4690.7015624804,4744.03765117064,4804.83315273282
"112",2022-03-16,"2022","03","16","Spring","SSP5_85",4573.41140687524,4657.40743948548,4734.46892270622
"113",2022-07-16,"2022","07","16","Summer","SSP5_85",4688.59654233619,4758.95278907034,4827.66262475456
"114",2022-10-16,"2022","10","16","Fall","SSP5_85",4679.66507289482,4743.75058815409,4816.45636187712
"115",2023-03-16,"2023","03","16","Spring","SSP5_85",4565.69189947477,4660.08065072401,4748.92921921129
"116",2023-07-16,"2023","07","16","Summer","SSP5_85",4677.01794605373,4759.02275140405,4838.74826373489
"117",2023-10-16,"2023","10","16","Fall","SSP5_85",4669.35613318507,4742.85024837229,4824.92955335878
"118",2024-03-16,"2024","03","16","Spring","SSP5_85",4565.48812904943,4659.00567986435,4747.81780008404
"119",2024-07-16,"2024","07","16","Summer","SSP5_85",4673.44749667764,4755.52719300786,4840.0761882545
"120",2024-10-16,"2024","10","16","Fall","SSP5_85",4673.71134887788,4746.15719511405,4828.66876934642
"121",2025-03-16,"2025","03","16","Spring","SSP5_85",4568.04067290059,4658.68190573847,4747.363912094
"122",2025-07-16,"2025","07","16","Summer","SSP5_85",4675.16224194085,4756.68667547254,4844.04325559911
"123",2025-10-16,"2025","10","16","Fall","SSP5_85",4673.92777688164,4747.85662159438,4828.15199804628
"124",2026-03-16,"2026","03","16","Spring","SSP5_85",4571.36191586776,4659.80625076097,4749.69794036208
"125",2026-07-16,"2026","07","16","Summer","SSP5_85",4673.57866169493,4757.12111950891,4843.3409020698
"126",2026-10-16,"2026","10","16","Fall","SSP5_85",4674.63700211044,4747.79689798477,4830.47853091266
"127",2027-03-16,"2027","03","16","Spring","SSP5_85",4569.36212125517,4662.23270101805,4752.28897238041
"128",2027-07-16,"2027","07","16","Summer","SSP5_85",4674.41666709107,4755.89536932875,4844.94264392519
"129",2027-10-16,"2027","10","16","Fall","SSP5_85",4675.28659521013,4752.28558501702,4832.64432997817
"130",2028-03-16,"2028","03","16","Spring","SSP5_85",4565.60950123701,4660.83176143911,4750.46151553171
"131",2028-07-16,"2028","07","16","Summer","SSP5_85",4675.76523090673,4755.20234625581,4842.94985353226
"132",2028-10-16,"2028","10","16","Fall","SSP5_85",4672.61157569834,4749.24215443216,4830.89696423929
"133",2029-03-16,"2029","03","16","Spring","SSP5_85",4569.59488437568,4662.90089526085,4756.16270419998
"134",2029-07-16,"2029","07","16","Summer","SSP5_85",4675.45099599387,4758.67238068198,4843.02479807767
"135",2029-10-16,"2029","10","16","Fall","SSP5_85",4673.43471249855,4750.18377259712,4830.03829851376
"136",2030-03-16,"2030","03","16","Spring","SSP5_85",4562.47769603352,4660.85423282329,4754.65317355699
"137",2030-07-16,"2030","07","16","Summer","SSP5_85",4679.1120597683,4758.19001212889,4840.2972240182
"138",2030-10-16,"2030","10","16","Fall","SSP5_85",4672.61225342593,4749.95897281755,4830.90879401119
"139",2031-03-16,"2031","03","16","Spring","SSP5_85",4562.1152456561,4661.5628099595,4757.54377280192
"140",2031-07-16,"2031","07","16","Summer","SSP5_85",4680.87518474041,4760.77971461864,4843.35343390897
"141",2031-10-16,"2031","10","16","Fall","SSP5_85",4672.35286085944,4750.42683470899,4830.27854814205
"142",2032-03-16,"2032","03","16","Spring","SSP5_85",4564.78003701968,4662.73553673626,4760.59189418418
"143",2032-07-16,"2032","07","16","Summer","SSP5_85",4680.06613910889,4761.31129795724,4842.31944465652
"144",2032-10-16,"2032","10","16","Fall","SSP5_85",4670.82991456963,4750.6737316636,4831.48807100551
"145",2033-03-16,"2033","03","16","Spring","SSP5_85",4561.50441240624,4664.66163614418,4760.7760522563
"146",2033-07-16,"2033","07","16","Summer","SSP5_85",4677.98507453504,4760.41358963124,4843.57288599611
"147",2033-10-16,"2033","10","16","Fall","SSP5_85",4673.47319392147,4752.4650165399,4832.27452736083
"148",2034-03-16,"2034","03","16","Spring","SSP5_85",4568.65982003781,4668.08152248567,4763.46753966578
"149",2034-07-16,"2034","07","16","Summer","SSP5_85",4681.30042945701,4764.68193762359,4841.32471371284
"150",2034-10-16,"2034","10","16","Fall","SSP5_85",4674.81514785598,4753.57947459119,4836.14314478027
"151",2035-03-16,"2035","03","16","Spring","SSP5_85",4569.31630925802,4671.61798224703,4765.61787937516
"152",2035-07-16,"2035","07","16","Summer","SSP5_85",4679.28427701838,4768.64027654519,4845.03084087083
"153",2035-10-16,"2035","10","16","Fall","SSP5_85",4676.31725700597,4755.57174526682,4837.54088571064
"154",2036-03-16,"2036","03","16","Spring","SSP5_85",4569.84038920583,4670.00620769291,4762.37261497981
"155",2036-07-16,"2036","07","16","Summer","SSP5_85",4680.85672561194,4767.09265126345,4841.9367580897
"156",2036-10-16,"2036","10","16","Fall","SSP5_85",4677.96135235323,4756.56590136541,4839.92150795062
"157",2037-03-16,"2037","03","16","Spring","SSP5_85",4572.44948524746,4671.06351961437,4764.30548446032
"158",2037-07-16,"2037","07","16","Summer","SSP5_85",4676.94742307456,4768.15750311171,4843.68330225575
"159",2037-10-16,"2037","10","16","Fall","SSP5_85",4675.15248905303,4758.36213314459,4842.22465056168
"160",2038-03-16,"2038","03","16","Spring","SSP5_85",4571.29701237612,4670.86104270048,4762.7009299899
"161",2038-07-16,"2038","07","16","Summer","SSP5_85",4679.22124713541,4768.17292033162,4839.65519564686
"162",2038-10-16,"2038","10","16","Fall","SSP5_85",4676.39997017237,4760.83405810946,4843.22344151189
"163",2039-03-16,"2039","03","16","Spring","SSP5_85",4567.79241522192,4672.77509284354,4765.16611812907
"164",2039-07-16,"2039","07","16","Summer","SSP5_85",4682.67360562056,4769.2810874787,4840.25845389647
"165",2039-10-16,"2039","10","16","Fall","SSP5_85",4680.08560650513,4760.93085343085,4844.49196569969
"166",2040-03-16,"2040","03","16","Spring","SSP5_85",4567.06980345118,4671.68986826558,4761.60368994623
"167",2040-07-16,"2040","07","16","Summer","SSP5_85",4686.95427048875,4768.81107836376,4839.28697781503
"168",2040-10-16,"2040","10","16","Fall","SSP5_85",4675.7978704395,4759.85116009256,4843.25815876886
"169",2041-03-16,"2041","03","16","Spring","SSP5_85",4566.09832376586,4670.04890017066,4759.34110978655
"170",2041-07-16,"2041","07","16","Summer","SSP5_85",4682.19570685494,4766.3955104546,4841.55265563551
"171",2041-10-16,"2041","10","16","Fall","SSP5_85",4672.97111235661,4758.07583138918,4842.06281084386
"172",2042-03-16,"2042","03","16","Spring","SSP5_85",4567.85722795731,4671.26943171601,4759.68126767685
"173",2042-07-16,"2042","07","16","Summer","SSP5_85",4689.48180910079,4767.41542809544,4844.10701866903
"174",2042-10-16,"2042","10","16","Fall","SSP5_85",4671.18332652354,4759.80625055997,4843.11401614888
"175",2043-03-16,"2043","03","16","Spring","SSP5_85",4567.69722262981,4671.322444604,4753.32117733355
"176",2043-07-16,"2043","07","16","Summer","SSP5_85",4686.69976926034,4766.71099170133,4847.05398908664
"177",2043-10-16,"2043","10","16","Fall","SSP5_85",4669.42732656887,4757.66034026075,4840.28993784083
"178",2044-03-16,"2044","03","16","Spring","SSP5_85",4570.84182275495,4672.83907092855,4753.36112651078
"179",2044-07-16,"2044","07","16","Summer","SSP5_85",4689.68868545898,4766.03124529486,4847.55347409044
"180",2044-10-16,"2044","10","16","Fall","SSP5_85",4670.34549510161,4758.38458607965,4839.89035019045
"181",2045-03-16,"2045","03","16","Spring","SSP5_85",4570.72759950798,4674.20650918546,4753.34507041943
"182",2045-07-16,"2045","07","16","Summer","SSP5_85",4689.56860225947,4764.18682544783,4851.30156759762
"183",2045-10-16,"2045","10","16","Fall","SSP5_85",4670.52096204972,4754.16685672903,4836.05683801131
"184",2046-03-16,"2046","03","16","Spring","SSP5_85",4575.22493261439,4671.81636849592,4756.21068589804
"185",2046-07-16,"2046","07","16","Summer","SSP5_85",4690.77988508561,4764.01567522163,4847.23716039856
"186",2046-10-16,"2046","10","16","Fall","SSP5_85",4670.2232521904,4753.62251184113,4833.64608684026
"187",2047-03-16,"2047","03","16","Spring","SSP5_85",4578.38273449103,4673.47961270962,4758.28567703821
"188",2047-07-16,"2047","07","16","Summer","SSP5_85",4690.15948385904,4766.83279122389,4850.24667458766
"189",2047-10-16,"2047","10","16","Fall","SSP5_85",4675.51254999454,4754.30490928226,4832.91300015401
"190",2048-03-16,"2048","03","16","Spring","SSP5_85",4575.55862175373,4673.44963024852,4757.25063406879
"191",2048-07-16,"2048","07","16","Summer","SSP5_85",4693.47561904317,4765.99276682159,4849.55940602384
"192",2048-10-16,"2048","10","16","Fall","SSP5_85",4676.99515166259,4754.90854165127,4832.8012582009
"193",2049-03-16,"2049","03","16","Spring","SSP5_85",4578.08296642354,4672.45551890033,4758.57044188972
"194",2049-07-16,"2049","07","16","Summer","SSP5_85",4690.67854341162,4763.72366240312,4846.59854868127
"195",2049-10-16,"2049","10","16","Fall","SSP5_85",4678.26547541618,4755.43212769415,4833.71017372155
"196",2050-03-16,"2050","03","16","Spring","SSP5_85",4584.20296502541,4676.14673361101,4763.60488355858
"197",2050-07-16,"2050","07","16","Summer","SSP5_85",4691.80425984491,4764.90468747345,4846.43344940621
"198",2050-10-16,"2050","10","16","Fall","SSP5_85",4680.14560566101,4758.03731201384,4835.26493306335
"199",2051-03-16,"2051","03","16","Spring","SSP5_85",4584.57739075492,4676.18377636138,4764.15742540657
"200",2051-07-16,"2051","07","16","Summer","SSP5_85",4691.57767497815,4766.12093627756,4848.34674606211
"201",2051-10-16,"2051","10","16","Fall","SSP5_85",4684.32538373569,4756.3445015611,4833.20105300299
"202",2052-03-16,"2052","03","16","Spring","SSP5_85",4588.46014951604,4677.24320071941,4765.15842827959
"203",2052-07-16,"2052","07","16","Summer","SSP5_85",4692.34553053586,4768.30126703083,4847.01684042598
"204",2052-10-16,"2052","10","16","Fall","SSP5_85",4682.13576067882,4758.74824776022,4837.96777352235
"205",2053-03-16,"2053","03","16","Spring","SSP5_85",4583.17846916346,4679.504284912,4764.28878255703
"206",2053-07-16,"2053","07","16","Summer","SSP5_85",4689.81479276536,4768.36202830344,4850.89037382296
"207",2053-10-16,"2053","10","16","Fall","SSP5_85",4681.4472464157,4758.9147844001,4838.43265898082
"208",2054-03-16,"2054","03","16","Spring","SSP5_85",4584.36318483698,4680.52140178543,4766.62110662089
"209",2054-07-16,"2054","07","16","Summer","SSP5_85",4692.20549830086,4766.30917058253,4849.45195000938
"210",2054-10-16,"2054","10","16","Fall","SSP5_85",4676.62971482517,4759.43583945779,4840.07871158778
"211",2055-03-16,"2055","03","16","Spring","SSP5_85",4579.44209555714,4678.87997969861,4764.62250546817
"212",2055-07-16,"2055","07","16","Summer","SSP5_85",4695.14249626247,4769.29826167164,4850.4659491584
"213",2055-10-16,"2055","10","16","Fall","SSP5_85",4675.50605203589,4760.9193133308,4838.01233369365
"214",2056-03-16,"2056","03","16","Spring","SSP5_85",4579.7489349461,4679.47162544398,4766.89487986596
"215",2056-07-16,"2056","07","16","Summer","SSP5_85",4692.82848368055,4769.19202790656,4849.31090361488
"216",2056-10-16,"2056","10","16","Fall","SSP5_85",4676.47326458382,4758.44952718172,4838.38939874609
"217",2057-03-16,"2057","03","16","Spring","SSP5_85",4578.68375503218,4678.96301297189,4769.34531639646
"218",2057-07-16,"2057","07","16","Summer","SSP5_85",4694.62117315345,4770.00890759859,4850.43989287638
"219",2057-10-16,"2057","10","16","Fall","SSP5_85",4674.75971030347,4757.95849984873,4838.62829977469
"220",2058-03-16,"2058","03","16","Spring","SSP5_85",4578.89898502101,4676.67746757642,4768.23278839821
"221",2058-07-16,"2058","07","16","Summer","SSP5_85",4695.24978192692,4769.48387739276,4851.16887419464
"222",2058-10-16,"2058","10","16","Fall","SSP5_85",4672.35462125731,4756.77825627857,4838.3877101402
"223",2059-03-16,"2059","03","16","Spring","SSP5_85",4579.49595023549,4678.45793444323,4770.93141081831
"224",2059-07-16,"2059","07","16","Summer","SSP5_85",4696.69630459318,4770.31486430167,4849.58101741014
"225",2059-10-16,"2059","10","16","Fall","SSP5_85",4674.08169314289,4757.60590216595,4836.33469141811
"226",2060-03-16,"2060","03","16","Spring","SSP5_85",4582.4064281964,4678.06787315026,4765.79171191872
"227",2060-07-16,"2060","07","16","Summer","SSP5_85",4695.13304150808,4770.26142850919,4848.52696605737
"228",2060-10-16,"2060","10","16","Fall","SSP5_85",4676.68051429269,4759.11212276008,4839.33607824931
"229",2061-03-16,"2061","03","16","Spring","SSP5_85",4577.0537988474,4675.94149735914,4766.84400596365
"230",2061-07-16,"2061","07","16","Summer","SSP5_85",4695.25337020116,4773.72262381785,4850.75938558366
"231",2061-10-16,"2061","10","16","Fall","SSP5_85",4680.67211122101,4761.24131529866,4838.40047213789
"232",2062-03-16,"2062","03","16","Spring","SSP5_85",4584.3440518433,4680.52958561411,4770.93322276667
"233",2062-07-16,"2062","07","16","Summer","SSP5_85",4696.51124283154,4773.52749208243,4849.70431951376
"234",2062-10-16,"2062","10","16","Fall","SSP5_85",4680.89474137114,4760.62931719922,4842.15722993342
"235",2063-03-16,"2063","03","16","Spring","SSP5_85",4582.53690230272,4682.34900297301,4771.17155049518
"236",2063-07-16,"2063","07","16","Summer","SSP5_85",4698.58068579826,4773.35373249403,4851.41277878422
"237",2063-10-16,"2063","10","16","Fall","SSP5_85",4681.03484035986,4763.61367429699,4843.44988100712
"238",2064-03-16,"2064","03","16","Spring","SSP5_85",4580.95073114195,4682.51085668673,4771.57955139596
"239",2064-07-16,"2064","07","16","Summer","SSP5_85",4699.79349019627,4774.33485361789,4849.5131705127
"240",2064-10-16,"2064","10","16","Fall","SSP5_85",4686.15802849169,4764.68249822541,4843.1993181944
"241",2065-03-16,"2065","03","16","Spring","SSP5_85",4574.75604840209,4684.97641780539,4771.33875366252
"242",2065-07-16,"2065","07","16","Summer","SSP5_85",4699.1168833042,4776.02789510416,4850.29100979218
"243",2065-10-16,"2065","10","16","Fall","SSP5_85",4684.76515586199,4767.25650090788,4846.10637424107
"244",2066-03-16,"2066","03","16","Spring","SSP5_85",4573.07322020243,4682.50024976356,4770.14985970033
"245",2066-07-16,"2066","07","16","Summer","SSP5_85",4697.40493794139,4777.17692219343,4851.31140694807
"246",2066-10-16,"2066","10","16","Fall","SSP5_85",4685.48312799585,4766.33144313371,4846.0424578978
"247",2067-03-16,"2067","03","16","Spring","SSP5_85",4575.0649156149,4683.6946520281,4773.04823717866
"248",2067-07-16,"2067","07","16","Summer","SSP5_85",4699.22950187612,4777.22285601978,4855.79782898887
"249",2067-10-16,"2067","10","16","Fall","SSP5_85",4685.00859613821,4766.44087706046,4843.58566154582
"250",2068-03-16,"2068","03","16","Spring","SSP5_85",4580.07603999757,4683.70845613687,4773.68904674647
"251",2068-07-16,"2068","07","16","Summer","SSP5_85",4698.66529360004,4775.7930695948,4854.91181584744
"252",2068-10-16,"2068","10","16","Fall","SSP5_85",4682.63908200572,4765.66906457956,4844.64484115264
"253",2069-03-16,"2069","03","16","Spring","SSP5_85",4583.88127476042,4683.11113896679,4772.76562014978
"254",2069-07-16,"2069","07","16","Summer","SSP5_85",4693.74477135957,4774.15925687411,4855.72509531862
"255",2069-10-16,"2069","10","16","Fall","SSP5_85",4683.94574677334,4766.35333180099,4841.9318950184
"256",2070-03-16,"2070","03","16","Spring","SSP5_85",4587.54915831417,4681.90276086248,4772.57047179988
"257",2070-07-16,"2070","07","16","Summer","SSP5_85",4693.22672745169,4775.59487109139,4855.55691309823
"258",2070-10-16,"2070","10","16","Fall","SSP5_85",4685.77031089305,4767.98424453625,4842.66794108585
"259",2071-03-16,"2071","03","16","Spring","SSP5_85",4588.89939108202,4683.06456885305,4769.98876087409
"260",2071-07-16,"2071","07","16","Summer","SSP5_85",4694.96149230729,4775.74748604582,4855.76788834319
"261",2071-10-16,"2071","10","16","Fall","SSP5_85",4681.15640630062,4766.72769052756,4842.49722216075
"262",2072-03-16,"2072","03","16","Spring","SSP5_85",4590.97847703391,4680.7726047291,4769.35544397179
"263",2072-07-16,"2072","07","16","Summer","SSP5_85",4695.3126044573,4774.81565825171,4854.48949262727
"264",2072-10-16,"2072","10","16","Fall","SSP5_85",4681.92501437453,4768.13358189769,4843.4888167648
"265",2073-03-16,"2073","03","16","Spring","SSP5_85",4592.74331226224,4685.44219421513,4771.53599363868
"266",2073-07-16,"2073","07","16","Summer","SSP5_85",4694.94505902026,4775.46800462765,4856.52337755917
"267",2073-10-16,"2073","10","16","Fall","SSP5_85",4685.33215862822,4769.92308632191,4845.70431799562
"268",2074-03-16,"2074","03","16","Spring","SSP5_85",4595.06182554349,4688.16846928224,4773.12477254422
"269",2074-07-16,"2074","07","16","Summer","SSP5_85",4691.71157417034,4775.54858901055,4854.44691229992
"270",2074-10-16,"2074","10","16","Fall","SSP5_85",4683.70181676749,4770.2284102775,4847.5110305504
"271",2075-03-16,"2075","03","16","Spring","SSP5_85",4594.02888435112,4691.3919022688,4772.43208076962
"272",2075-07-16,"2075","07","16","Summer","SSP5_85",4690.35887523417,4777.248084709,4852.68115188785
"273",2075-10-16,"2075","10","16","Fall","SSP5_85",4682.25706238087,4768.27140878047,4848.85130812442
"274",2076-03-16,"2076","03","16","Spring","SSP5_85",4590.98369059336,4691.91652438199,4774.57824138312
"275",2076-07-16,"2076","07","16","Summer","SSP5_85",4691.09000245772,4778.06230815675,4853.1917733317
"276",2076-10-16,"2076","10","16","Fall","SSP5_85",4685.2174491346,4768.61369146968,4849.22206139855
"277",2077-03-16,"2077","03","16","Spring","SSP5_85",4589.95291466243,4693.54493916985,4773.00502002554
"278",2077-07-16,"2077","07","16","Summer","SSP5_85",4694.77771225841,4779.20250291704,4852.36715162894
"279",2077-10-16,"2077","10","16","Fall","SSP5_85",4684.33527546755,4767.3131871007,4847.21954311509
"280",2078-03-16,"2078","03","16","Spring","SSP5_85",4587.96679576152,4693.82624076072,4774.74127506619
"281",2078-07-16,"2078","07","16","Summer","SSP5_85",4695.37499278921,4780.08136936186,4852.91377754757
"282",2078-10-16,"2078","10","16","Fall","SSP5_85",4687.95182336683,4769.88667333424,4849.01955301177
"283",2079-03-16,"2079","03","16","Spring","SSP5_85",4593.54046622105,4697.3925057847,4777.70681607826
"284",2079-07-16,"2079","07","16","Summer","SSP5_85",4696.13096008079,4779.70368778427,4850.36084920485
"285",2079-10-16,"2079","10","16","Fall","SSP5_85",4691.80450046383,4768.16220513653,4847.57750552972
"286",2080-03-16,"2080","03","16","Spring","SSP5_85",4591.75578329078,4692.58429292548,4776.58790371515
"287",2080-07-16,"2080","07","16","Summer","SSP5_85",4699.49975072552,4779.56763185442,4851.80098225448
"288",2080-10-16,"2080","10","16","Fall","SSP5_85",4689.74247984763,4767.09270497354,4849.61781646126
"289",2081-03-16,"2081","03","16","Spring","SSP5_85",4590.34431035536,4691.60088346019,4774.75383705956
"290",2081-07-16,"2081","07","16","Summer","SSP5_85",4704.05528623404,4780.90864276777,4851.29104331913
"291",2081-10-16,"2081","10","16","Fall","SSP5_85",4691.78341888361,4768.15104589913,4850.86405840917
"292",2082-03-16,"2082","03","16","Spring","SSP5_85",4593.53093126886,4691.81117996474,4774.27849481326
"293",2082-07-16,"2082","07","16","Summer","SSP5_85",4706.76002548053,4781.48866301584,4855.11711112876
"294",2082-10-16,"2082","10","16","Fall","SSP5_85",4694.09039751631,4770.20379463647,4848.5820352225
"295",2083-03-16,"2083","03","16","Spring","SSP5_85",4595.45770497342,4691.41511998792,4779.92536262395
"296",2083-07-16,"2083","07","16","Summer","SSP5_85",4708.85986727831,4780.87823791973,4853.35168146011
"297",2083-10-16,"2083","10","16","Fall","SSP5_85",4695.59008983329,4769.6817673461,4848.75716861124
"298",2084-03-16,"2084","03","16","Spring","SSP5_85",4595.86927974122,4690.99438282115,4782.12177092848
"299",2084-07-16,"2084","07","16","Summer","SSP5_85",4706.48282618039,4781.14565661591,4853.25720436264
"300",2084-10-16,"2084","10","16","Fall","SSP5_85",4697.16578837661,4768.07895838343,4847.13958838922
"301",2085-03-16,"2085","03","16","Spring","SSP5_85",4592.11877843613,4689.82209796117,4786.7243010458
"302",2085-07-16,"2085","07","16","Summer","SSP5_85",4704.86683207875,4779.91017183295,4854.29153383763
"303",2085-10-16,"2085","10","16","Fall","SSP5_85",4696.77385436781,4767.33144282225,4845.70563790488
"304",2086-03-16,"2086","03","16","Spring","SSP5_85",4589.8740514177,4690.90164979654,4787.28363671194
"305",2086-07-16,"2086","07","16","Summer","SSP5_85",4705.85581233372,4781.7500344244,4856.74991190289
"306",2086-10-16,"2086","10","16","Fall","SSP5_85",4699.32675550081,4768.79729407697,4849.74061138132
"307",2087-03-16,"2087","03","16","Spring","SSP5_85",4590.01720883756,4691.91067083684,4786.92293377389
"308",2087-07-16,"2087","07","16","Summer","SSP5_85",4704.14067004203,4782.61124597913,4856.15904623475
"309",2087-10-16,"2087","10","16","Fall","SSP5_85",4697.54240785594,4769.84798221592,4845.09801758179
"310",2088-03-16,"2088","03","16","Spring","SSP5_85",4595.53428676743,4691.51566582559,4790.07615017448
"311",2088-07-16,"2088","07","16","Summer","SSP5_85",4702.74746378547,4782.7645230142,4859.33829836399
"312",2088-10-16,"2088","10","16","Fall","SSP5_85",4698.83097468736,4770.01965952614,4844.99197904935
"313",2089-03-16,"2089","03","16","Spring","SSP5_85",4594.0074548251,4693.68511546964,4794.65723800282
"314",2089-07-16,"2089","07","16","Summer","SSP5_85",4699.94414691346,4781.74882264217,4858.26633785743
"315",2089-10-16,"2089","10","16","Fall","SSP5_85",4697.99955639947,4769.00534225027,4844.71988660986
"316",2090-03-16,"2090","03","16","Spring","SSP5_85",4590.3715305766,4692.91867435337,4788.56217884834
"317",2090-07-16,"2090","07","16","Summer","SSP5_85",4699.6785070541,4783.41843432262,4860.01729414201
"318",2090-10-16,"2090","10","16","Fall","SSP5_85",4699.24455993714,4769.60695188793,4847.10470146861
"319",2091-03-16,"2091","03","16","Spring","SSP5_85",4594.72044001429,4693.18405556254,4789.34292716683
"320",2091-07-16,"2091","07","16","Summer","SSP5_85",4698.32211499595,4780.29870215007,4860.45107966732
"321",2091-10-16,"2091","10","16","Fall","SSP5_85",4700.06234810714,4772.65881014601,4850.51879202743
"322",2092-03-16,"2092","03","16","Spring","SSP5_85",4603.85423229693,4695.39856268478,4787.65767943854
"323",2092-07-16,"2092","07","16","Summer","SSP5_85",4696.63968003043,4780.21863058068,4861.11555679683
"324",2092-10-16,"2092","10","16","Fall","SSP5_85",4697.93841356607,4772.71339759506,4848.17247358815
"325",2093-03-16,"2093","03","16","Spring","SSP5_85",4607.54782650971,4697.44831679218,4789.1546768148
"326",2093-07-16,"2093","07","16","Summer","SSP5_85",4697.02263678901,4777.56766904604,4859.65857773718
"327",2093-10-16,"2093","10","16","Fall","SSP5_85",4694.50388818879,4772.58650291143,4846.21314559217
"328",2094-03-16,"2094","03","16","Spring","SSP5_85",4614.04448674069,4702.40673181965,4791.30685354685
"329",2094-07-16,"2094","07","16","Summer","SSP5_85",4699.41669603054,4776.23823870874,4855.73973122272
"330",2094-10-16,"2094","10","16","Fall","SSP5_85",4695.47272906252,4774.26038131061,4849.63754956587
"331",2095-03-16,"2095","03","16","Spring","SSP5_85",4609.99992340828,4704.45228584894,4793.02565113811
"332",2095-07-16,"2095","07","16","Summer","SSP5_85",4704.33593410871,4777.32067095239,4854.03576136649
"333",2095-10-16,"2095","10","16","Fall","SSP5_85",4693.5941444756,4773.84419858297,4853.11064008786
"334",2096-03-16,"2096","03","16","Spring","SSP5_85",4612.72148192638,4701.63584249446,4788.33201537113
"335",2096-07-16,"2096","07","16","Summer","SSP5_85",4708.28866106962,4778.44887870421,4855.09986698241
"336",2096-10-16,"2096","10","16","Fall","SSP5_85",4694.3914865917,4773.72166654131,4856.70313711322
"337",2097-03-16,"2097","03","16","Spring","SSP5_85",4617.8496193737,4706.44836309826,4789.28116049706
"338",2097-07-16,"2097","07","16","Summer","SSP5_85",4709.094115655,4779.38875314196,4854.83093757957
"339",2097-10-16,"2097","10","16","Fall","SSP5_85",4691.56994674566,4773.22811583917,4854.1807070859
"340",2098-03-16,"2098","03","16","Spring","SSP5_85",4616.36062745351,4708.21165756837,4788.95116052132
"341",2098-07-16,"2098","07","16","Summer","SSP5_85",4712.35833794573,4782.06699511393,4855.45897242005
"342",2098-10-16,"2098","10","16","Fall","SSP5_85",4689.39327589888,4772.42786929336,4853.42666010613
"343",2099-03-16,"2099","03","16","Spring","SSP5_85",4614.93833621539,4709.41740178622,4789.32045756649
"344",2099-07-16,"2099","07","16","Summer","SSP5_85",4716.31410350069,4783.52461357799,4854.3590164136
"345",2099-10-16,"2099","10","16","Fall","SSP5_85",4691.08439655652,4772.3261026678,4859.00552671727
"346",2100-03-16,"2100","03","16","Spring","SSP5_85",4615.5265068103,4708.450432073,4788.04806586455
"347",2100-07-16,"2100","07","16","Summer","SSP5_85",4717.95201730169,4787.88796897477,4855.85815657809
"348",2100-10-16,"2100","10","16","Fall","SSP5_85",4693.7440520307,4773.99821383907,4860.33703361343
"349",1985-03-16,"1985","03","16","Spring","SSP1_26",4640.95976880584,4648.15927963497,4654.60224683824
"350",1985-07-16,"1985","07","16","Summer","SSP1_26",4768.97388729036,4775.39021701407,4782.67033635627
"351",1985-10-16,"1985","10","16","Fall","SSP1_26",4751.81152705502,4758.82561027278,4764.57549951546
"352",1986-03-16,"1986","03","16","Spring","SSP1_26",4646.51927546708,4652.51741246232,4660.4202996256
"353",1986-07-16,"1986","07","16","Summer","SSP1_26",4770.44716160413,4777.50586362929,4784.85177118487
"354",1986-10-16,"1986","10","16","Fall","SSP1_26",4750.99738179879,4757.85810072713,4767.42133241866
"355",1987-03-16,"1987","03","16","Spring","SSP1_26",4644.76745936542,4651.79752886398,4660.44480298101
"356",1987-07-16,"1987","07","16","Summer","SSP1_26",4766.62150831447,4774.22627368509,4780.86833723506
"357",1987-10-16,"1987","10","16","Fall","SSP1_26",4746.3920952791,4752.48285491127,4759.39941228868
"358",1988-03-16,"1988","03","16","Spring","SSP1_26",4640.66997268807,4648.54109481396,4656.16684362737
"359",1988-07-16,"1988","07","16","Summer","SSP1_26",4769.9413524251,4776.66937377468,4781.62814323953
"360",1988-10-16,"1988","10","16","Fall","SSP1_26",4750.15073412703,4757.86457646883,4765.77245089218
"361",1989-03-16,"1989","03","16","Spring","SSP1_26",4641.9992352447,4648.87324420463,4656.15369348205
"362",1989-07-16,"1989","07","16","Summer","SSP1_26",4768.16563598516,4774.96616392145,4781.16446692871
"363",1989-10-16,"1989","10","16","Fall","SSP1_26",4752.60328310763,4760.04828573082,4766.92918578856
"364",1990-03-16,"1990","03","16","Spring","SSP1_26",4640.19114791826,4648.80899584289,4656.12550839359
"365",1990-07-16,"1990","07","16","Summer","SSP1_26",4766.23015751142,4772.49708882055,4779.17936310755
"366",1990-10-16,"1990","10","16","Fall","SSP1_26",4752.65980778207,4757.99839105728,4766.46314028118
"367",1991-03-16,"1991","03","16","Spring","SSP1_26",4642.14106183222,4649.15672241644,4656.59792092479
"368",1991-07-16,"1991","07","16","Summer","SSP1_26",4765.23992904051,4774.02281618524,4780.81064174437
"369",1991-10-16,"1991","10","16","Fall","SSP1_26",4753.02193921676,4760.52205588472,4768.25476999083
"370",1992-03-16,"1992","03","16","Spring","SSP1_26",4642.41108039666,4650.34034492826,4655.67705056086
"371",1992-07-16,"1992","07","16","Summer","SSP1_26",4762.76884604643,4769.29729602801,4776.24684970869
"372",1992-10-16,"1992","10","16","Fall","SSP1_26",4748.71279314422,4756.65315230378,4763.92504391403
"373",1993-03-16,"1993","03","16","Spring","SSP1_26",4646.49617766386,4652.41564760311,4659.71916615799
"374",1993-07-16,"1993","07","16","Summer","SSP1_26",4761.95249896252,4768.41546491233,4775.13294783661
"375",1993-10-16,"1993","10","16","Fall","SSP1_26",4748.80804008826,4756.26643167964,4765.59018012024
"376",1994-03-16,"1994","03","16","Spring","SSP1_26",4643.33670994975,4651.99119884991,4659.77345259278
"377",1994-07-16,"1994","07","16","Summer","SSP1_26",4764.05513602781,4773.63226807143,4780.22543761886
"378",1994-10-16,"1994","10","16","Fall","SSP1_26",4752.34419849676,4758.87831530921,4766.37322812194
"379",1995-03-16,"1995","03","16","Spring","SSP1_26",4643.67506421657,4648.95276012121,4657.30159841079
"380",1995-07-16,"1995","07","16","Summer","SSP1_26",4769.46775497148,4776.00341308286,4782.75096380717
"381",1995-10-16,"1995","10","16","Fall","SSP1_26",4752.64594005625,4759.10760748265,4767.9046425436
"382",1996-03-16,"1996","03","16","Spring","SSP1_26",4643.8036056857,4650.87245134199,4658.10067547969
"383",1996-07-16,"1996","07","16","Summer","SSP1_26",4764.44566472023,4771.05208684766,4778.42520892095
"384",1996-10-16,"1996","10","16","Fall","SSP1_26",4751.87675110755,4758.55142489342,4767.06379330483
"385",1997-03-16,"1997","03","16","Spring","SSP1_26",4645.18431964549,4650.46293250019,4657.94415257915
"386",1997-07-16,"1997","07","16","Summer","SSP1_26",4767.48403683489,4773.40522664436,4780.84004802377
"387",1997-10-16,"1997","10","16","Fall","SSP1_26",4756.10249050637,4764.08329079123,4770.79625904437
"388",1998-03-16,"1998","03","16","Spring","SSP1_26",4650.18729996826,4658.2854250521,4666.73459704406
"389",1998-07-16,"1998","07","16","Summer","SSP1_26",4768.92992411529,4774.75007708313,4782.09436578185
"390",1998-10-16,"1998","10","16","Fall","SSP1_26",4755.42342797286,4762.88914960829,4771.3335821
"391",1999-03-16,"1999","03","16","Spring","SSP1_26",4648.13135523975,4653.79679541915,4661.87432358679
"392",1999-07-16,"1999","07","16","Summer","SSP1_26",4765.98226883875,4772.19633843564,4778.77388685267
"393",1999-10-16,"1999","10","16","Fall","SSP1_26",4754.95836746248,4760.41123563174,4769.24143495192
"394",2000-03-16,"2000","03","16","Spring","SSP1_26",4642.85894424428,4649.08790064806,4655.29294338157
"395",2000-07-16,"2000","07","16","Summer","SSP1_26",4764.2084485696,4771.80115364865,4777.14822500895
"396",2000-10-16,"2000","10","16","Fall","SSP1_26",4751.87544086077,4759.80506005026,4768.1935432886
"397",2001-03-16,"2001","03","16","Spring","SSP1_26",4645.09943488605,4653.33844259595,4661.18945309714
"398",2001-07-16,"2001","07","16","Summer","SSP1_26",4769.5147156814,4776.49135414024,4781.59319556405
"399",2001-10-16,"2001","10","16","Fall","SSP1_26",4754.26451548425,4762.36898884193,4768.30894937737
"400",2002-03-16,"2002","03","16","Spring","SSP1_26",4648.59021554681,4654.88498430406,4661.70238530466
"401",2002-07-16,"2002","07","16","Summer","SSP1_26",4768.82350288213,4776.41950411868,4781.86356023574
"402",2002-10-16,"2002","10","16","Fall","SSP1_26",4755.34872412864,4762.95048813086,4769.90472016367
"403",2003-03-16,"2003","03","16","Spring","SSP1_26",4650.17128369434,4655.29179713365,4663.41942933918
"404",2003-07-16,"2003","07","16","Summer","SSP1_26",4767.09926455793,4774.87125327208,4780.46846973261
"405",2003-10-16,"2003","10","16","Fall","SSP1_26",4745.33378736539,4751.84675237709,4760.21384089091
"406",2004-03-16,"2004","03","16","Spring","SSP1_26",4646.91407775935,4656.17773944613,4662.71756963443
"407",2004-07-16,"2004","07","16","Summer","SSP1_26",4762.34660850662,4770.37306272991,4777.784676125
"408",2004-10-16,"2004","10","16","Fall","SSP1_26",4751.65640771977,4758.20358486871,4764.55145432223
"409",2005-03-16,"2005","03","16","Spring","SSP1_26",4649.30347055087,4656.76036410815,4663.19749192206
"410",2005-07-16,"2005","07","16","Summer","SSP1_26",4767.5108745426,4774.02681648507,4779.92172726905
"411",2005-10-16,"2005","10","16","Fall","SSP1_26",4746.97999264974,4753.69973991656,4760.87653602323
"412",2006-03-16,"2006","03","16","Spring","SSP1_26",4649.28322500335,4653.97681840558,4660.83823820621
"413",2006-07-16,"2006","07","16","Summer","SSP1_26",4768.88861952083,4775.48666416245,4783.20598963618
"414",2006-10-16,"2006","10","16","Fall","SSP1_26",4754.56961773228,4761.50425538946,4769.58011518082
"415",2007-03-16,"2007","03","16","Spring","SSP1_26",4643.87156551088,4650.0210100147,4658.35458328624
"416",2007-07-16,"2007","07","16","Summer","SSP1_26",4768.43372728233,4775.73659019237,4781.39272898414
"417",2007-10-16,"2007","10","16","Fall","SSP1_26",4757.21822115783,4763.97246984091,4770.71249621771
"418",2008-03-16,"2008","03","16","Spring","SSP1_26",4649.58075651924,4656.8348745101,4662.82892574613
"419",2008-07-16,"2008","07","16","Summer","SSP1_26",4768.32599933818,4776.12282403004,4782.91538025937
"420",2008-10-16,"2008","10","16","Fall","SSP1_26",4755.7829100176,4762.80841802223,4770.16462901335
"421",2009-03-16,"2009","03","16","Spring","SSP1_26",4651.27070005805,4656.98041543767,4665.1638660802
"422",2009-07-16,"2009","07","16","Summer","SSP1_26",4769.27401238748,4777.61526213467,4785.13354175981
"423",2009-10-16,"2009","10","16","Fall","SSP1_26",4756.42086225256,4762.12238398695,4769.30738283777
"424",2010-03-16,"2010","03","16","Spring","SSP1_26",4650.30727792915,4657.29547671533,4662.73349233282
"425",2010-07-16,"2010","07","16","Summer","SSP1_26",4768.56737121948,4775.00884093298,4782.51240954773
"426",2010-10-16,"2010","10","16","Fall","SSP1_26",4752.29064492854,4757.87144953182,4764.67332337379
"427",2011-03-16,"2011","03","16","Spring","SSP1_26",4643.98460496236,4649.29166916418,4655.41384660036
"428",2011-07-16,"2011","07","16","Summer","SSP1_26",4767.60637101563,4774.13307281504,4780.84374717365
"429",2011-10-16,"2011","10","16","Fall","SSP1_26",4754.44323261775,4760.58538013712,4768.75977055541
"430",2012-03-16,"2012","03","16","Spring","SSP1_26",4650.18231404551,4658.90822300972,4666.71114562185
"431",2012-07-16,"2012","07","16","Summer","SSP1_26",4769.24265883328,4774.75905494533,4780.9676396989
"432",2012-10-16,"2012","10","16","Fall","SSP1_26",4754.70230694691,4761.06532912027,4768.88338722043
"433",2013-03-16,"2013","03","16","Spring","SSP1_26",4657.49492862161,4665.24932482934,4672.49609249548
"434",2013-07-16,"2013","07","16","Summer","SSP1_26",4768.27933839732,4775.52030919002,4781.46241530179
"435",2013-10-16,"2013","10","16","Fall","SSP1_26",4743.82209432966,4751.0603308349,4757.84556620086
"436",2014-03-16,"2014","03","16","Spring","SSP1_26",4653.0349957161,4658.80208551252,4664.89233382245
"437",2014-07-16,"2014","07","16","Summer","SSP1_26",4771.1547004029,4777.52666538266,4784.75068308091
"438",2014-10-16,"2014","10","16","Fall","SSP1_26",4753.66350298473,4759.91049261664,4767.89658476624
"439",2015-03-16,"2015","03","16","Spring","SSP1_26",4655.54611654307,4662.65470357289,4669.04788662513
"440",2015-07-16,"2015","07","16","Summer","SSP1_26",4773.00318221662,4780.20906228099,4786.41166686892
"441",2015-10-16,"2015","10","16","Fall","SSP1_26",4759.13424856025,4766.55534740399,4774.36825590888
"442",2016-03-16,"2016","03","16","Spring","SSP1_26",4655.45371263003,4662.54245492235,4669.78641219488
"443",2016-07-16,"2016","07","16","Summer","SSP1_26",4771.36965009188,4778.85791650965,4785.7162311012
"444",2016-10-16,"2016","10","16","Fall","SSP1_26",4754.94424913,4762.40542171526,4769.96827696169
"445",2017-03-16,"2017","03","16","Spring","SSP1_26",4644.45833186269,4660.14966696205,4677.42707032667
"446",2017-07-16,"2017","07","16","Summer","SSP1_26",4759.45271151515,4777.38185460043,4795.70872239578
"447",2017-10-16,"2017","10","16","Fall","SSP1_26",4744.69494813588,4761.68296187999,4777.25733376002
"448",2018-03-16,"2018","03","16","Spring","SSP1_26",4633.59056263635,4661.02804630406,4689.65306004417
"449",2018-07-16,"2018","07","16","Summer","SSP1_26",4750.83843709388,4776.8797250285,4804.05218459152
"450",2018-10-16,"2018","10","16","Fall","SSP1_26",4738.26701961889,4763.38228792902,4786.935612253
"451",2019-03-16,"2019","03","16","Spring","SSP1_26",4617.8573593819,4661.01917810099,4703.28522068767
"452",2019-07-16,"2019","07","16","Summer","SSP1_26",4739.48285294748,4776.00259912243,4811.1770178589
"453",2019-10-16,"2019","10","16","Fall","SSP1_26",4727.40779775445,4762.17752419973,4797.13632848249
"454",2020-03-16,"2020","03","16","Spring","SSP1_26",4605.8763106269,4658.76370389377,4714.12845700218
"455",2020-07-16,"2020","07","16","Summer","SSP1_26",4727.61166517749,4774.75942517642,4819.42492284192
"456",2020-10-16,"2020","10","16","Fall","SSP1_26",4717.11797834101,4761.11805676954,4806.63128106303
"457",2021-03-16,"2021","03","16","Spring","SSP1_26",4591.57462921823,4657.70832645427,4722.44052866557
"458",2021-07-16,"2021","07","16","Summer","SSP1_26",4716.58831844582,4774.25665983017,4830.17393430924
"459",2021-10-16,"2021","10","16","Fall","SSP1_26",4705.5234436864,4760.15535797621,4814.05801266615
"460",2022-03-16,"2022","03","16","Spring","SSP1_26",4582.12307099096,4658.55036871086,4735.90535139334
"461",2022-07-16,"2022","07","16","Summer","SSP1_26",4707.36924350584,4773.54296175261,4837.05802964308
"462",2022-10-16,"2022","10","16","Fall","SSP1_26",4691.96008686948,4760.53704810543,4826.70926941205
"463",2023-03-16,"2023","03","16","Spring","SSP1_26",4570.97647282142,4658.93291234155,4747.11815940425
"464",2023-07-16,"2023","07","16","Summer","SSP1_26",4696.10977761242,4770.60353104834,4847.71402019022
"465",2023-10-16,"2023","10","16","Fall","SSP1_26",4682.16947220213,4760.15437319593,4837.25060781463
"466",2024-03-16,"2024","03","16","Spring","SSP1_26",4567.01440471137,4661.25635363518,4750.31204265502
"467",2024-07-16,"2024","07","16","Summer","SSP1_26",4696.91133919218,4774.05775719781,4847.68357015275
"468",2024-10-16,"2024","10","16","Fall","SSP1_26",4683.40822682511,4762.58973111671,4843.1719281693
"469",2025-03-16,"2025","03","16","Spring","SSP1_26",4567.15649793791,4662.71346334981,4750.07892441383
"470",2025-07-16,"2025","07","16","Summer","SSP1_26",4694.64264289244,4774.6061449862,4848.73430080173
"471",2025-10-16,"2025","10","16","Fall","SSP1_26",4679.828415545,4760.40386568674,4844.19773810489
"472",2026-03-16,"2026","03","16","Spring","SSP1_26",4569.91033814088,4662.28896720881,4749.27614521753
"473",2026-07-16,"2026","07","16","Summer","SSP1_26",4696.76723579549,4774.92820296857,4850.87376969453
"474",2026-10-16,"2026","10","16","Fall","SSP1_26",4673.75511000586,4760.56323439511,4843.59290840824
"475",2027-03-16,"2027","03","16","Spring","SSP1_26",4568.29028765114,4663.86217749795,4750.31441510613
"476",2027-07-16,"2027","07","16","Summer","SSP1_26",4698.92627060836,4776.16685609219,4851.60669987427
"477",2027-10-16,"2027","10","16","Fall","SSP1_26",4672.37322014514,4760.88993375198,4844.49583182508
"478",2028-03-16,"2028","03","16","Spring","SSP1_26",4570.96167130032,4666.82636786566,4754.52908877949
"479",2028-07-16,"2028","07","16","Summer","SSP1_26",4702.12442935476,4776.03852487055,4848.40692427069
"480",2028-10-16,"2028","10","16","Fall","SSP1_26",4673.51179449416,4761.44665589275,4847.02667729604
"481",2029-03-16,"2029","03","16","Spring","SSP1_26",4570.23482869863,4668.2157686688,4753.03306598679
"482",2029-07-16,"2029","07","16","Summer","SSP1_26",4702.17374268437,4777.68463582309,4850.63432122902
"483",2029-10-16,"2029","10","16","Fall","SSP1_26",4675.18861565347,4760.4526741739,4844.03814010261
"484",2030-03-16,"2030","03","16","Spring","SSP1_26",4569.89776951914,4668.53131210207,4755.68765702706
"485",2030-07-16,"2030","07","16","Summer","SSP1_26",4704.45896286334,4779.57270608677,4850.31205048535
"486",2030-10-16,"2030","10","16","Fall","SSP1_26",4675.39770198846,4762.01059368501,4844.81529186716
"487",2031-03-16,"2031","03","16","Spring","SSP1_26",4573.93322348595,4670.22260548535,4757.33981235596
"488",2031-07-16,"2031","07","16","Summer","SSP1_26",4706.21025228407,4776.94605580784,4850.36770462935
"489",2031-10-16,"2031","10","16","Fall","SSP1_26",4679.33642217068,4761.92432745569,4844.50145868225
"490",2032-03-16,"2032","03","16","Spring","SSP1_26",4575.59138207019,4671.05165658836,4760.14038503116
"491",2032-07-16,"2032","07","16","Summer","SSP1_26",4708.72521547746,4777.40293264155,4850.75506160186
"492",2032-10-16,"2032","10","16","Fall","SSP1_26",4679.89824964064,4762.63148648901,4845.46115423525
"493",2033-03-16,"2033","03","16","Spring","SSP1_26",4576.1244897403,4671.56425261349,4761.48494175374
"494",2033-07-16,"2033","07","16","Summer","SSP1_26",4708.73444489039,4778.03522703096,4853.09613870884
"495",2033-10-16,"2033","10","16","Fall","SSP1_26",4687.93235593431,4766.40355063641,4847.43295309804
"496",2034-03-16,"2034","03","16","Spring","SSP1_26",4577.52503250333,4671.22471024334,4759.74269528998
"497",2034-07-16,"2034","07","16","Summer","SSP1_26",4707.62231308754,4778.44379449523,4855.75190415085
"498",2034-10-16,"2034","10","16","Fall","SSP1_26",4688.38873391667,4766.9767796418,4849.04964615174
"499",2035-03-16,"2035","03","16","Spring","SSP1_26",4576.85930877883,4670.72537077702,4761.53676160168
"500",2035-07-16,"2035","07","16","Summer","SSP1_26",4706.40870005116,4779.40893470909,4859.08543246375
"501",2035-10-16,"2035","10","16","Fall","SSP1_26",4688.5544565659,4766.7874542607,4848.32644801909
"502",2036-03-16,"2036","03","16","Spring","SSP1_26",4578.80307941667,4670.68232610922,4763.51975202111
"503",2036-07-16,"2036","07","16","Summer","SSP1_26",4708.96605400661,4779.27814950602,4858.28927048321
"504",2036-10-16,"2036","10","16","Fall","SSP1_26",4690.60413077986,4767.88574795476,4848.10019604081
"505",2037-03-16,"2037","03","16","Spring","SSP1_26",4580.51963135907,4670.233770448,4761.06445056791
"506",2037-07-16,"2037","07","16","Summer","SSP1_26",4707.54320603515,4779.35318465027,4856.83047666886
"507",2037-10-16,"2037","10","16","Fall","SSP1_26",4689.23282220407,4765.67190063499,4845.9039192778
"508",2038-03-16,"2038","03","16","Spring","SSP1_26",4580.48977243427,4670.67007828381,4762.03699032904
"509",2038-07-16,"2038","07","16","Summer","SSP1_26",4707.44761531484,4778.79371918079,4855.18823173582
"510",2038-10-16,"2038","10","16","Fall","SSP1_26",4686.84636155107,4766.77282178536,4844.39140850971
"511",2039-03-16,"2039","03","16","Spring","SSP1_26",4577.40095587349,4667.54729763015,4758.15587666202
"512",2039-07-16,"2039","07","16","Summer","SSP1_26",4708.23644555435,4779.59993368653,4854.41492115515
"513",2039-10-16,"2039","10","16","Fall","SSP1_26",4687.86819524232,4767.81375743278,4842.3537653177
"514",2040-03-16,"2040","03","16","Spring","SSP1_26",4579.80026468508,4668.5913908743,4757.04779381363
"515",2040-07-16,"2040","07","16","Summer","SSP1_26",4706.63454679026,4779.45860582176,4849.75085482649
"516",2040-10-16,"2040","10","16","Fall","SSP1_26",4687.21333505883,4764.64020527844,4839.7153413662
"517",2041-03-16,"2041","03","16","Spring","SSP1_26",4582.73534637099,4670.95844680967,4757.73741903631
"518",2041-07-16,"2041","07","16","Summer","SSP1_26",4707.91926060187,4779.50758866443,4847.00570390869
"519",2041-10-16,"2041","10","16","Fall","SSP1_26",4687.33637478724,4763.5747666642,4836.34269752595
"520",2042-03-16,"2042","03","16","Spring","SSP1_26",4584.54669022964,4670.49860594935,4756.40438235948
"521",2042-07-16,"2042","07","16","Summer","SSP1_26",4708.75579093674,4780.03689460538,4846.00276677599
"522",2042-10-16,"2042","10","16","Fall","SSP1_26",4688.39298125598,4765.91778804242,4836.69199555876
"523",2043-03-16,"2043","03","16","Spring","SSP1_26",4578.80235631491,4667.10546085301,4753.7827047774
"524",2043-07-16,"2043","07","16","Summer","SSP1_26",4706.89789136831,4779.86740729079,4848.15122013576
"525",2043-10-16,"2043","10","16","Fall","SSP1_26",4687.00176035945,4765.00691992097,4838.61303188067
"526",2044-03-16,"2044","03","16","Spring","SSP1_26",4572.40645224004,4666.13722214018,4755.81920559149
"527",2044-07-16,"2044","07","16","Summer","SSP1_26",4707.12096255641,4780.86989300848,4849.96851618791
"528",2044-10-16,"2044","10","16","Fall","SSP1_26",4691.1701402866,4767.30593052121,4839.67102107994
"529",2045-03-16,"2045","03","16","Spring","SSP1_26",4569.38654778055,4664.55102966417,4756.08044802966
"530",2045-07-16,"2045","07","16","Summer","SSP1_26",4707.64619756593,4783.44400310216,4852.4696913121
"531",2045-10-16,"2045","10","16","Fall","SSP1_26",4691.33257380257,4766.31543202017,4839.28986377046
"532",2046-03-16,"2046","03","16","Spring","SSP1_26",4571.8038082938,4669.80932579646,4762.11919768498
"533",2046-07-16,"2046","07","16","Summer","SSP1_26",4708.35729329505,4783.86579639185,4854.26635963516
"534",2046-10-16,"2046","10","16","Fall","SSP1_26",4692.25110901694,4764.95969522735,4838.61013424576
"535",2047-03-16,"2047","03","16","Spring","SSP1_26",4568.49402355274,4670.36401189079,4763.10931959101
"536",2047-07-16,"2047","07","16","Summer","SSP1_26",4708.09052125916,4783.95212662927,4857.20007241721
"537",2047-10-16,"2047","10","16","Fall","SSP1_26",4691.5737998812,4765.34525064615,4843.18485589184
"538",2048-03-16,"2048","03","16","Spring","SSP1_26",4569.74590771759,4673.15984514918,4766.15890111435
"539",2048-07-16,"2048","07","16","Summer","SSP1_26",4707.21069389794,4782.0958299413,4857.59993011367
"540",2048-10-16,"2048","10","16","Fall","SSP1_26",4692.0712840244,4767.79626393358,4846.87195165051
"541",2049-03-16,"2049","03","16","Spring","SSP1_26",4574.06427687298,4673.59565820622,4764.1492769974
"542",2049-07-16,"2049","07","16","Summer","SSP1_26",4705.74745031926,4782.13733545771,4856.49227215799
"543",2049-10-16,"2049","10","16","Fall","SSP1_26",4692.65807870128,4767.38436936102,4846.23541769608
"544",2050-03-16,"2050","03","16","Spring","SSP1_26",4575.96297454336,4676.01294102117,4766.34016933786
"545",2050-07-16,"2050","07","16","Summer","SSP1_26",4706.03478753883,4783.08265997805,4857.66622140018
"546",2050-10-16,"2050","10","16","Fall","SSP1_26",4693.79460237433,4765.98614685382,4842.08141379098
"547",2051-03-16,"2051","03","16","Spring","SSP1_26",4578.69946834654,4677.29317735506,4764.5525484141
"548",2051-07-16,"2051","07","16","Summer","SSP1_26",4707.31423122698,4782.12010854585,4857.50140774522
"549",2051-10-16,"2051","10","16","Fall","SSP1_26",4689.36238710628,4764.23397981982,4841.60126012528
"550",2052-03-16,"2052","03","16","Spring","SSP1_26",4583.45355762821,4677.08975651938,4762.23162233991
"551",2052-07-16,"2052","07","16","Summer","SSP1_26",4705.35767922669,4781.6602504499,4855.62521819658
"552",2052-10-16,"2052","10","16","Fall","SSP1_26",4688.76454629779,4765.97013358838,4843.10650182128
"553",2053-03-16,"2053","03","16","Spring","SSP1_26",4581.63432247542,4675.29973682285,4760.17718276838
"554",2053-07-16,"2053","07","16","Summer","SSP1_26",4707.27406876569,4782.53958849833,4856.69651842204
"555",2053-10-16,"2053","10","16","Fall","SSP1_26",4687.70266402664,4768.32571451944,4844.35576574738
"556",2054-03-16,"2054","03","16","Spring","SSP1_26",4583.03754021362,4676.17722722011,4757.27126521072
"557",2054-07-16,"2054","07","16","Summer","SSP1_26",4706.88248024818,4780.68627524839,4855.15288365757
"558",2054-10-16,"2054","10","16","Fall","SSP1_26",4687.84165236908,4768.21487191379,4841.91051484363
"559",2055-03-16,"2055","03","16","Spring","SSP1_26",4582.30334195863,4673.49375958459,4756.51013801453
"560",2055-07-16,"2055","07","16","Summer","SSP1_26",4708.01982411077,4781.11213324022,4856.63097042851
"561",2055-10-16,"2055","10","16","Fall","SSP1_26",4688.40728204752,4767.63036246929,4838.65575996207
"562",2056-03-16,"2056","03","16","Spring","SSP1_26",4576.7955242945,4673.38811776588,4758.35911473486
"563",2056-07-16,"2056","07","16","Summer","SSP1_26",4709.08247024677,4781.43781233459,4855.44869067858
"564",2056-10-16,"2056","10","16","Fall","SSP1_26",4687.11978897106,4766.69004782165,4841.64046142649
"565",2057-03-16,"2057","03","16","Spring","SSP1_26",4582.43422585008,4674.7871683368,4758.54801946418
"566",2057-07-16,"2057","07","16","Summer","SSP1_26",4707.34786266911,4779.52729654883,4852.65586301352
"567",2057-10-16,"2057","10","16","Fall","SSP1_26",4689.60779943133,4770.97012302249,4844.7743224829
"568",2058-03-16,"2058","03","16","Spring","SSP1_26",4585.03930378931,4674.84616148787,4758.77556855419
"569",2058-07-16,"2058","07","16","Summer","SSP1_26",4707.99895467033,4781.28465530991,4852.44014516419
"570",2058-10-16,"2058","10","16","Fall","SSP1_26",4690.3971310438,4771.09273186887,4846.35531234385
"571",2059-03-16,"2059","03","16","Spring","SSP1_26",4584.59585048458,4675.38213416259,4759.47415338363
"572",2059-07-16,"2059","07","16","Summer","SSP1_26",4711.67835515823,4780.75125504661,4854.76524966308
"573",2059-10-16,"2059","10","16","Fall","SSP1_26",4693.31551227464,4771.33182487874,4848.64521408894
"574",2060-03-16,"2060","03","16","Spring","SSP1_26",4584.90016824421,4675.20009148143,4758.84121236629
"575",2060-07-16,"2060","07","16","Summer","SSP1_26",4708.73967980026,4779.07454117882,4853.27298559302
"576",2060-10-16,"2060","10","16","Fall","SSP1_26",4693.59467327802,4770.17648692236,4851.20952813352
"577",2061-03-16,"2061","03","16","Spring","SSP1_26",4589.86765732714,4675.97433947402,4763.94938272912
"578",2061-07-16,"2061","07","16","Summer","SSP1_26",4711.56589287507,4781.78801165304,4855.87677898599
"579",2061-10-16,"2061","10","16","Fall","SSP1_26",4696.85756441561,4769.2934371102,4850.74879728581
"580",2062-03-16,"2062","03","16","Spring","SSP1_26",4589.66952331391,4679.27851863075,4767.9710804171
"581",2062-07-16,"2062","07","16","Summer","SSP1_26",4709.9986475874,4782.91036295406,4855.63182864389
"582",2062-10-16,"2062","10","16","Fall","SSP1_26",4696.79614794974,4766.72045889671,4850.85017261476
"583",2063-03-16,"2063","03","16","Spring","SSP1_26",4589.41579951649,4679.33430834076,4767.41242722872
"584",2063-07-16,"2063","07","16","Summer","SSP1_26",4711.05133710308,4780.57590457744,4856.24564829899
"585",2063-10-16,"2063","10","16","Fall","SSP1_26",4696.53446653976,4765.55725697106,4847.0342597316
"586",2064-03-16,"2064","03","16","Spring","SSP1_26",4585.95076019156,4679.27359317075,4768.63985953951
"587",2064-07-16,"2064","07","16","Summer","SSP1_26",4712.91038602972,4781.45203731928,4857.29960944872
"588",2064-10-16,"2064","10","16","Fall","SSP1_26",4696.45766148805,4763.89830665283,4848.36394003782
"589",2065-03-16,"2065","03","16","Spring","SSP1_26",4586.80659137548,4679.33833579251,4768.8519934559
"590",2065-07-16,"2065","07","16","Summer","SSP1_26",4710.62920716161,4779.78155884929,4857.0912068259
"591",2065-10-16,"2065","10","16","Fall","SSP1_26",4696.04315088626,4765.48340589826,4847.72557488632
"592",2066-03-16,"2066","03","16","Spring","SSP1_26",4586.96766338682,4680.1615891557,4769.0200566247
"593",2066-07-16,"2066","07","16","Summer","SSP1_26",4712.0896124357,4780.90621033325,4856.89608630774
"594",2066-10-16,"2066","10","16","Fall","SSP1_26",4693.04201089215,4763.49672313717,4845.28277452175
"595",2067-03-16,"2067","03","16","Spring","SSP1_26",4582.80769754734,4677.81196889534,4767.69690556401
"596",2067-07-16,"2067","07","16","Summer","SSP1_26",4709.62445064303,4780.68887362201,4857.22242968891
"597",2067-10-16,"2067","10","16","Fall","SSP1_26",4692.63837109717,4763.38914233791,4841.19149116731
"598",2068-03-16,"2068","03","16","Spring","SSP1_26",4575.31689290466,4675.48626550632,4766.52985959952
"599",2068-07-16,"2068","07","16","Summer","SSP1_26",4708.76684464439,4779.42685936526,4856.01359735741
"600",2068-10-16,"2068","10","16","Fall","SSP1_26",4688.94695386127,4764.03184504658,4840.36339618133
"601",2069-03-16,"2069","03","16","Spring","SSP1_26",4576.76342058331,4671.62300834609,4761.83573249053
"602",2069-07-16,"2069","07","16","Summer","SSP1_26",4709.52801468675,4778.3449671266,4854.51896674101
"603",2069-10-16,"2069","10","16","Fall","SSP1_26",4687.24207029209,4764.27786853754,4840.93027289379
"604",2070-03-16,"2070","03","16","Spring","SSP1_26",4578.76682308443,4672.54192827738,4762.64474174708
"605",2070-07-16,"2070","07","16","Summer","SSP1_26",4707.92288078298,4779.82373414197,4855.56468762929
"606",2070-10-16,"2070","10","16","Fall","SSP1_26",4691.01082779162,4766.92583308888,4842.21161796817
"607",2071-03-16,"2071","03","16","Spring","SSP1_26",4578.79181625982,4673.26151988469,4763.49963180122
"608",2071-07-16,"2071","07","16","Summer","SSP1_26",4706.90819812021,4778.75250491859,4853.88703858113
"609",2071-10-16,"2071","10","16","Fall","SSP1_26",4690.85969642102,4767.52682182727,4842.85118050384
"610",2072-03-16,"2072","03","16","Spring","SSP1_26",4574.83406262268,4675.75907259069,4769.04914932164
"611",2072-07-16,"2072","07","16","Summer","SSP1_26",4706.16440573009,4779.93472688251,4853.36727023942
"612",2072-10-16,"2072","10","16","Fall","SSP1_26",4694.75619450399,4766.85897151944,4841.1859579198
"613",2073-03-16,"2073","03","16","Spring","SSP1_26",4571.14685591046,4675.31789720024,4770.69760283561
"614",2073-07-16,"2073","07","16","Summer","SSP1_26",4701.07169214843,4780.73318740739,4852.70046830397
"615",2073-10-16,"2073","10","16","Fall","SSP1_26",4694.83225002716,4768.62199494068,4843.11410032363
"616",2074-03-16,"2074","03","16","Spring","SSP1_26",4575.74611891796,4677.02306052447,4770.47037310725
"617",2074-07-16,"2074","07","16","Summer","SSP1_26",4700.70038165597,4779.16099656907,4852.09111747688
"618",2074-10-16,"2074","10","16","Fall","SSP1_26",4693.59054037472,4767.6664522902,4843.69265783596
"619",2075-03-16,"2075","03","16","Spring","SSP1_26",4578.95193167875,4677.72897263812,4766.77208294865
"620",2075-07-16,"2075","07","16","Summer","SSP1_26",4700.56962581917,4778.6257106762,4850.843399244
"621",2075-10-16,"2075","10","16","Fall","SSP1_26",4695.34765936227,4767.55622408577,4846.67990995678
"622",2076-03-16,"2076","03","16","Spring","SSP1_26",4580.68740661069,4679.56170748163,4764.63005188348
"623",2076-07-16,"2076","07","16","Summer","SSP1_26",4701.46116737283,4779.78134020714,4850.25615167307
"624",2076-10-16,"2076","10","16","Fall","SSP1_26",4698.33503395114,4768.15051625606,4846.62450577352
"625",2077-03-16,"2077","03","16","Spring","SSP1_26",4577.83791113859,4678.35396110469,4764.39094075964
"626",2077-07-16,"2077","07","16","Summer","SSP1_26",4701.09383284292,4778.57709780958,4847.43172515216
"627",2077-10-16,"2077","10","16","Fall","SSP1_26",4694.08267822242,4765.87647033774,4847.37543871726
"628",2078-03-16,"2078","03","16","Spring","SSP1_26",4574.73056687521,4675.7523866731,4760.59240431699
"629",2078-07-16,"2078","07","16","Summer","SSP1_26",4702.5870018927,4779.84293123887,4849.46697757818
"630",2078-10-16,"2078","10","16","Fall","SSP1_26",4693.7018290925,4764.62187490599,4844.71021633593
"631",2079-03-16,"2079","03","16","Spring","SSP1_26",4577.00876289987,4675.79965422859,4755.5258978376
"632",2079-07-16,"2079","07","16","Summer","SSP1_26",4704.41398387715,4780.26422685429,4849.06323945815
"633",2079-10-16,"2079","10","16","Fall","SSP1_26",4692.16420409528,4765.62121549101,4846.50002388936
"634",2080-03-16,"2080","03","16","Spring","SSP1_26",4574.44740744876,4674.28812438675,4754.57231700286
"635",2080-07-16,"2080","07","16","Summer","SSP1_26",4704.15682195506,4778.8144255892,4849.40960043987
"636",2080-10-16,"2080","10","16","Fall","SSP1_26",4692.58179793756,4763.44678098669,4844.80037099226
"637",2081-03-16,"2081","03","16","Spring","SSP1_26",4574.75616870135,4671.99584479843,4752.68326975609
"638",2081-07-16,"2081","07","16","Summer","SSP1_26",4704.99515471639,4780.67161628627,4849.32777138679
"639",2081-10-16,"2081","10","16","Fall","SSP1_26",4689.1809610414,4762.12472225304,4843.52094509841
"640",2082-03-16,"2082","03","16","Spring","SSP1_26",4574.85719296719,4673.12211655698,4755.6792018991
"641",2082-07-16,"2082","07","16","Summer","SSP1_26",4705.5570126817,4782.38862765118,4851.8247201463
"642",2082-10-16,"2082","10","16","Fall","SSP1_26",4689.15002632956,4761.34058198423,4840.52277469673
"643",2083-03-16,"2083","03","16","Spring","SSP1_26",4572.55770223531,4672.62877714217,4756.89825298092
"644",2083-07-16,"2083","07","16","Summer","SSP1_26",4705.05847670389,4780.95846361504,4854.55439230578
"645",2083-10-16,"2083","10","16","Fall","SSP1_26",4687.11037255163,4762.77091775828,4843.22342305282
"646",2084-03-16,"2084","03","16","Spring","SSP1_26",4572.7378654546,4673.26153039853,4758.45086938579
"647",2084-07-16,"2084","07","16","Summer","SSP1_26",4703.68887832697,4780.55526685998,4857.04978859366
"648",2084-10-16,"2084","10","16","Fall","SSP1_26",4687.54516427885,4763.60577905373,4845.01023183099
"649",2085-03-16,"2085","03","16","Spring","SSP1_26",4575.58097183252,4676.33678405728,4761.04072918245
"650",2085-07-16,"2085","07","16","Summer","SSP1_26",4700.54390420081,4778.19665330131,4856.2615882757
"651",2085-10-16,"2085","10","16","Fall","SSP1_26",4684.44219071978,4764.16384005884,4844.78231520234
"652",2086-03-16,"2086","03","16","Spring","SSP1_26",4574.12147164895,4675.23581615474,4762.42697087242
"653",2086-07-16,"2086","07","16","Summer","SSP1_26",4700.59929481845,4777.35962075282,4857.99965375194
"654",2086-10-16,"2086","10","16","Fall","SSP1_26",4681.71458382382,4762.95009739128,4843.89241174344
"655",2087-03-16,"2087","03","16","Spring","SSP1_26",4580.89174721629,4678.48090275352,4763.70348226532
"656",2087-07-16,"2087","07","16","Summer","SSP1_26",4701.3739108838,4776.03822958808,4855.0443722957
"657",2087-10-16,"2087","10","16","Fall","SSP1_26",4681.06248737972,4763.2926883245,4842.37874507061
"658",2088-03-16,"2088","03","16","Spring","SSP1_26",4583.45837297276,4682.6355164428,4767.65477354236
"659",2088-07-16,"2088","07","16","Summer","SSP1_26",4701.37032132549,4775.16658775999,4856.41092206365
"660",2088-10-16,"2088","10","16","Fall","SSP1_26",4685.83723449178,4765.8710076406,4847.57714936684
"661",2089-03-16,"2089","03","16","Spring","SSP1_26",4582.68593710388,4682.9379917176,4767.09598527985
"662",2089-07-16,"2089","07","16","Summer","SSP1_26",4699.97712939275,4774.02079642195,4855.86956469543
"663",2089-10-16,"2089","10","16","Fall","SSP1_26",4685.61982642981,4767.64713783653,4849.74130422807
"664",2090-03-16,"2090","03","16","Spring","SSP1_26",4580.91401583243,4681.80431333301,4766.67294676625
"665",2090-07-16,"2090","07","16","Summer","SSP1_26",4699.17294499997,4774.30734135741,4857.97119257695
"666",2090-10-16,"2090","10","16","Fall","SSP1_26",4685.47696337348,4769.40807435415,4849.65903935146
"667",2091-03-16,"2091","03","16","Spring","SSP1_26",4583.66935752959,4683.68651160433,4764.86239814187
"668",2091-07-16,"2091","07","16","Summer","SSP1_26",4699.8982671701,4775.30156729291,4858.96302673539
"669",2091-10-16,"2091","10","16","Fall","SSP1_26",4687.40039176157,4771.19084733788,4849.26380684434
"670",2092-03-16,"2092","03","16","Spring","SSP1_26",4584.18265456864,4683.63580583033,4764.50264248541
"671",2092-07-16,"2092","07","16","Summer","SSP1_26",4701.82736260615,4778.91702712152,4861.2020840632
"672",2092-10-16,"2092","10","16","Fall","SSP1_26",4689.45747719331,4770.81333088912,4852.25645970607
"673",2093-03-16,"2093","03","16","Spring","SSP1_26",4585.89652851623,4685.92765986223,4765.02901606004
"674",2093-07-16,"2093","07","16","Summer","SSP1_26",4699.29531430571,4777.74255928519,4858.17562891956
"675",2093-10-16,"2093","10","16","Fall","SSP1_26",4690.40234381812,4769.31957833837,4851.47619163145
"676",2094-03-16,"2094","03","16","Spring","SSP1_26",4584.57583065754,4684.62010372784,4761.78218652742
"677",2094-07-16,"2094","07","16","Summer","SSP1_26",4696.12221756078,4776.92984050482,4857.98543214508
"678",2094-10-16,"2094","10","16","Fall","SSP1_26",4691.74920809983,4771.52217571617,4853.35949494259
"679",2095-03-16,"2095","03","16","Spring","SSP1_26",4580.77779588481,4682.51008485172,4762.70029109498
"680",2095-07-16,"2095","07","16","Summer","SSP1_26",4697.25076102232,4775.29172658548,4854.05801816421
"681",2095-10-16,"2095","10","16","Fall","SSP1_26",4690.09447038527,4770.55926700132,4850.46264459912
"682",2096-03-16,"2096","03","16","Spring","SSP1_26",4578.73451295758,4678.28940396571,4762.42642225138
"683",2096-07-16,"2096","07","16","Summer","SSP1_26",4698.43886472664,4774.58320739704,4853.90413117612
"684",2096-10-16,"2096","10","16","Fall","SSP1_26",4690.49809374845,4771.32630731354,4853.053096134
"685",2097-03-16,"2097","03","16","Spring","SSP1_26",4577.04169161877,4678.40625050939,4763.8498886047
"686",2097-07-16,"2097","07","16","Summer","SSP1_26",4699.55203656131,4775.60073030178,4848.89544886333
"687",2097-10-16,"2097","10","16","Fall","SSP1_26",4689.47804411111,4769.59377237602,4851.49122306534
"688",2098-03-16,"2098","03","16","Spring","SSP1_26",4575.57178645949,4676.9209467545,4764.96508886243
"689",2098-07-16,"2098","07","16","Summer","SSP1_26",4699.31286756237,4775.0693261072,4847.49777417809
"690",2098-10-16,"2098","10","16","Fall","SSP1_26",4687.71547882222,4767.71139433054,4850.92297122098
"691",2099-03-16,"2099","03","16","Spring","SSP1_26",4573.65926633022,4675.0065176097,4764.39012272323
"692",2099-07-16,"2099","07","16","Summer","SSP1_26",4697.47870812793,4771.83907193842,4843.59498254147
"693",2099-10-16,"2099","10","16","Fall","SSP1_26",4686.96084745845,4767.78584560065,4849.32084378719
"694",2100-03-16,"2100","03","16","Spring","SSP1_26",4572.49802690883,4669.85428421968,4762.47806123179
"695",2100-07-16,"2100","07","16","Summer","SSP1_26",4699.52899016503,4771.95059064748,4844.11806183907
"696",2100-10-16,"2100","10","16","Fall","SSP1_26",4687.28603393483,4770.45797380673,4852.34398511058
