"","stock","year","age","re"
"1","N",1989,"Age 1",0
"2","N",1989,"Age 2",0
"3","N",1989,"Age 3",0
"4","N",1989,"Age 4",0
"5","N",1989,"Age 5",0
"6","N",1989,"Age 6",0
"7","N",1989,"Age 7",0
"8","N",1989,"Age 8",0
"9","N",1990,"Age 1",-0.912549921
"10","N",1990,"Age 2",-0.397080722
"11","N",1990,"Age 3",0.29881832
"12","N",1990,"Age 4",-0.544231332
"13","N",1990,"Age 5",-0.257198178
"14","N",1990,"Age 6",-1.730969375
"15","N",1990,"Age 7",-2.889861655
"16","N",1990,"Age 8",-0.208493224
"17","N",1991,"Age 1",-1.062532809
"18","N",1991,"Age 2",-0.473572666
"19","N",1991,"Age 3",-0.708212346
"20","N",1991,"Age 4",0.030204382
"21","N",1991,"Age 5",-0.027500592
"22","N",1991,"Age 6",-0.989111067
"23","N",1991,"Age 7",-1.484472337
"24","N",1991,"Age 8",1.118082908
"25","N",1992,"Age 1",-1.030032802
"26","N",1992,"Age 2",0.181244907
"27","N",1992,"Age 3",-1.8044459
"28","N",1992,"Age 4",-0.81123118
"29","N",1992,"Age 5",0.279818496
"30","N",1992,"Age 6",-0.203983343
"31","N",1992,"Age 7",-0.022374591
"32","N",1992,"Age 8",2.125607646
"33","N",1993,"Age 1",-1.186487546
"34","N",1993,"Age 2",-0.388887543
"35","N",1993,"Age 3",-1.445387201
"36","N",1993,"Age 4",1.154598089
"37","N",1993,"Age 5",0.17948848
"38","N",1993,"Age 6",1.116146619
"39","N",1993,"Age 7",-0.095022424
"40","N",1993,"Age 8",-0.171219315
"41","N",1994,"Age 1",0.646481201
"42","N",1994,"Age 2",-0.983797397
"43","N",1994,"Age 3",0.604684363
"44","N",1994,"Age 4",-0.273589531
"45","N",1994,"Age 5",0.322145846
"46","N",1994,"Age 6",0.155651785
"47","N",1994,"Age 7",-1.073302709
"48","N",1994,"Age 8",0.207464309
"49","N",1995,"Age 1",0.813130826
"50","N",1995,"Age 2",-1.715629096
"51","N",1995,"Age 3",1.256115955
"52","N",1995,"Age 4",-1.38102016
"53","N",1995,"Age 5",0.91435679
"54","N",1995,"Age 6",-2.184466648
"55","N",1995,"Age 7",-0.074515071
"56","N",1995,"Age 8",0.573932736
"57","N",1996,"Age 1",1.541182869
"58","N",1996,"Age 2",-2.052707659
"59","N",1996,"Age 3",-0.430548852
"60","N",1996,"Age 4",-0.267142055
"61","N",1996,"Age 5",-0.062080452
"62","N",1996,"Age 6",0.745401738
"63","N",1996,"Age 7",1.141156192
"64","N",1996,"Age 8",-0.064766571
"65","N",1997,"Age 1",-1.304931291
"66","N",1997,"Age 2",-0.584607151
"67","N",1997,"Age 3",-0.619864765
"68","N",1997,"Age 4",0.214005431
"69","N",1997,"Age 5",0.356672662
"70","N",1997,"Age 6",0.786739242
"71","N",1997,"Age 7",0.664978024
"72","N",1997,"Age 8",0.792976016
"73","N",1998,"Age 1",-1.16832785
"74","N",1998,"Age 2",-0.160774193
"75","N",1998,"Age 3",-2.046533255
"76","N",1998,"Age 4",0.402422409
"77","N",1998,"Age 5",0.246086715
"78","N",1998,"Age 6",1.925928204
"79","N",1998,"Age 7",0.506352905
"80","N",1998,"Age 8",1.206561577
"81","N",1999,"Age 1",0.847046936
"82","N",1999,"Age 2",0.692194528
"83","N",1999,"Age 3",-0.58235113
"84","N",1999,"Age 4",0.307683338
"85","N",1999,"Age 5",0.013081841
"86","N",1999,"Age 6",1.206628083
"87","N",1999,"Age 7",-0.117619623
"88","N",1999,"Age 8",0.458944537
"89","N",2000,"Age 1",0.990586888
"90","N",2000,"Age 2",-1.607062372
"91","N",2000,"Age 3",-0.500496337
"92","N",2000,"Age 4",1.16335834
"93","N",2000,"Age 5",0.476923196
"94","N",2000,"Age 6",1.60940449
"95","N",2000,"Age 7",0.080564455
"96","N",2000,"Age 8",0.932206022
"97","N",2001,"Age 1",0.140893709
"98","N",2001,"Age 2",-1.854575821
"99","N",2001,"Age 3",-0.169993856
"100","N",2001,"Age 4",0.724126724
"101","N",2001,"Age 5",0.467583226
"102","N",2001,"Age 6",1.026171059
"103","N",2001,"Age 7",1.236050886
"104","N",2001,"Age 8",-1.150018679
"105","N",2002,"Age 1",0.063373608
"106","N",2002,"Age 2",-0.017865697
"107","N",2002,"Age 3",0.548421479
"108","N",2002,"Age 4",0.603581233
"109","N",2002,"Age 5",0.003289224
"110","N",2002,"Age 6",-0.579878656
"111","N",2002,"Age 7",0.593577567
"112","N",2002,"Age 8",-0.804033924
"113","N",2003,"Age 1",0.029331552
"114","N",2003,"Age 2",-1.439671627
"115","N",2003,"Age 3",-0.762107699
"116","N",2003,"Age 4",0.045758406
"117","N",2003,"Age 5",0.326668825
"118","N",2003,"Age 6",0.121658213
"119","N",2003,"Age 7",0.314884835
"120","N",2003,"Age 8",-0.109801058
"121","N",2004,"Age 1",-0.370992647
"122","N",2004,"Age 2",-0.418107998
"123","N",2004,"Age 3",0.628605964
"124","N",2004,"Age 4",-0.253174213
"125","N",2004,"Age 5",0.70577232
"126","N",2004,"Age 6",0.150504549
"127","N",2004,"Age 7",-2.255544639
"128","N",2004,"Age 8",0.222856216
"129","N",2005,"Age 1",-0.197095548
"130","N",2005,"Age 2",0.115726329
"131","N",2005,"Age 3",-0.810737216
"132","N",2005,"Age 4",-0.647912631
"133","N",2005,"Age 5",0.784712234
"134","N",2005,"Age 6",0.166464712
"135","N",2005,"Age 7",0.015078395
"136","N",2005,"Age 8",1.468316718
"137","N",2006,"Age 1",0.098429841
"138","N",2006,"Age 2",0.74911159
"139","N",2006,"Age 3",0.251162892
"140","N",2006,"Age 4",1.536141421
"141","N",2006,"Age 5",1.870260589
"142","N",2006,"Age 6",0.893666798
"143","N",2006,"Age 7",1.431370831
"144","N",2006,"Age 8",-2.902951844
"145","N",2007,"Age 1",0.334095479
"146","N",2007,"Age 2",-0.575375272
"147","N",2007,"Age 3",-0.047986174
"148","N",2007,"Age 4",0.145404542
"149","N",2007,"Age 5",0.19166903
"150","N",2007,"Age 6",0.1187664
"151","N",2007,"Age 7",1.235978114
"152","N",2007,"Age 8",-1.02576805
"153","N",2008,"Age 1",0.588853137
"154","N",2008,"Age 2",-0.326256551
"155","N",2008,"Age 3",-0.210860621
"156","N",2008,"Age 4",-0.202647157
"157","N",2008,"Age 5",0.129676933
"158","N",2008,"Age 6",0.348930151
"159","N",2008,"Age 7",-0.07632573
"160","N",2008,"Age 8",0.227304948
"161","N",2009,"Age 1",0.028281684
"162","N",2009,"Age 2",-0.205568508
"163","N",2009,"Age 3",0.113599741
"164","N",2009,"Age 4",0.676509754
"165","N",2009,"Age 5",0.622264204
"166","N",2009,"Age 6",-0.675295378
"167","N",2009,"Age 7",-1.360914408
"168","N",2009,"Age 8",0.345211857
"169","N",2010,"Age 1",-0.026857302
"170","N",2010,"Age 2",-0.608326216
"171","N",2010,"Age 3",0.135272271
"172","N",2010,"Age 4",0.352068562
"173","N",2010,"Age 5",0.445386279
"174","N",2010,"Age 6",-0.043622041
"175","N",2010,"Age 7",-0.429084156
"176","N",2010,"Age 8",-1.278341636
"177","N",2011,"Age 1",0.853669143
"178","N",2011,"Age 2",0.193132199
"179","N",2011,"Age 3",-0.082259707
"180","N",2011,"Age 4",-0.143822364
"181","N",2011,"Age 5",-0.270495536
"182","N",2011,"Age 6",-0.121338299
"183","N",2011,"Age 7",-0.191660751
"184","N",2011,"Age 8",0.205780754
"185","N",2012,"Age 1",0.287507672
"186","N",2012,"Age 2",0.420384313
"187","N",2012,"Age 3",0.836792641
"188","N",2012,"Age 4",0.570349138
"189","N",2012,"Age 5",0.730983995
"190","N",2012,"Age 6",0.813211605
"191","N",2012,"Age 7",0.536099417
"192","N",2012,"Age 8",0.828463306
"193","N",2013,"Age 1",0.713972009
"194","N",2013,"Age 2",-0.728199103
"195","N",2013,"Age 3",-0.742674231
"196","N",2013,"Age 4",-0.210770991
"197","N",2013,"Age 5",0.197310544
"198","N",2013,"Age 6",0.113366752
"199","N",2013,"Age 7",-0.035887247
"200","N",2013,"Age 8",0.032906237
"201","N",2014,"Age 1",0.033083363
"202","N",2014,"Age 2",-0.510186072
"203","N",2014,"Age 3",0.716600664
"204","N",2014,"Age 4",0.470996136
"205","N",2014,"Age 5",0.392137262
"206","N",2014,"Age 6",0.5450115
"207","N",2014,"Age 7",0.505833833
"208","N",2014,"Age 8",0.51559803
"209","N",2015,"Age 1",-0.293758779
"210","N",2015,"Age 2",0.420145514
"211","N",2015,"Age 3",0.374416516
"212","N",2015,"Age 4",-0.020614835
"213","N",2015,"Age 5",0.331749057
"214","N",2015,"Age 6",0.194025525
"215","N",2015,"Age 7",0.054233133
"216","N",2015,"Age 8",0.106717287
"217","N",2016,"Age 1",0.702227393
"218","N",2016,"Age 2",0.764870206
"219","N",2016,"Age 3",-0.325711387
"220","N",2016,"Age 4",-0.035804502
"221","N",2016,"Age 5",0.763586871
"222","N",2016,"Age 6",0.423081291
"223","N",2016,"Age 7",0.82538614
"224","N",2016,"Age 8",0.505379401
"225","N",2017,"Age 1",0.003938696
"226","N",2017,"Age 2",0.143583181
"227","N",2017,"Age 3",-0.286850229
"228","N",2017,"Age 4",0.154838862
"229","N",2017,"Age 5",0.371647848
"230","N",2017,"Age 6",0.420553987
"231","N",2017,"Age 7",0.052195867
"232","N",2017,"Age 8",-0.169482062
"233","N",2018,"Age 1",-0.859074375
"234","N",2018,"Age 2",-0.003006447
"235","N",2018,"Age 3",0.005530773
"236","N",2018,"Age 4",0.102104117
"237","N",2018,"Age 5",0.294326225
"238","N",2018,"Age 6",0.653896789
"239","N",2018,"Age 7",0.84806114
"240","N",2018,"Age 8",0.778644772
"241","N",2019,"Age 1",0.385859677
"242","N",2019,"Age 2",0.630466217
"243","N",2019,"Age 3",0.573044475
"244","N",2019,"Age 4",0.612622678
"245","N",2019,"Age 5",0.589120277
"246","N",2019,"Age 6",0.799617177
"247","N",2019,"Age 7",0.654595981
"248","N",2019,"Age 8",0.779016299
"249","N",2020,"Age 1",-0.146232934
"250","N",2020,"Age 2",0.202866428
"251","N",2020,"Age 3",0.458936981
"252","N",2020,"Age 4",0.386819807
"253","N",2020,"Age 5",0.250132686
"254","N",2020,"Age 6",0.411258346
"255","N",2020,"Age 7",0.694191953
"256","N",2020,"Age 8",0.737477113
"257","N",2021,"Age 1",-0.254894757
"258","N",2021,"Age 2",0.038096652
"259","N",2021,"Age 3",0.546254768
"260","N",2021,"Age 4",0.079824507
"261","N",2021,"Age 5",0.256116604
"262","N",2021,"Age 6",0.640164741
"263","N",2021,"Age 7",0.486621022
"264","N",2021,"Age 8",0.84061034
"265","N",2022,"Age 1",0.740362357
"266","N",2022,"Age 2",-0.386862863
"267","N",2022,"Age 3",0.542403596
"268","N",2022,"Age 4",0.230206775
"269","N",2022,"Age 5",0.733849904
"270","N",2022,"Age 6",0.157235465
"271","N",2022,"Age 7",0.359337929
"272","N",2022,"Age 8",0.310414473
"273","N",2023,"Age 1",0.496369974
"274","N",2023,"Age 2",-0.741959172
"275","N",2023,"Age 3",0.480173294
"276","N",2023,"Age 4",0.432861754
"277","N",2023,"Age 5",0.582620526
"278","N",2023,"Age 6",0.218687461
"279","N",2023,"Age 7",0.297026918
"280","N",2023,"Age 8",0.356374712
"281","N",2024,"Age 1",0.544297256
"282","N",2024,"Age 2",-0.318244285
"283","N",2024,"Age 3",0.862100885
"284","N",2024,"Age 4",0.692916432
"285","N",2024,"Age 5",0.470668651
"286","N",2024,"Age 6",0.372141066
"287","N",2024,"Age 7",0.534777713
"288","N",2024,"Age 8",0.271998848
