"stock","year","age","re"
"wgom",1981,"Age 1",0
"wgom",1982,"Age 1",1.65522132708181
"wgom",1983,"Age 1",1.69963307713683
"wgom",1984,"Age 1",0.813795251987349
"wgom",1985,"Age 1",0.0513254773767837
"wgom",1986,"Age 1",0.774216021171192
"wgom",1987,"Age 1",0.850102338712839
"wgom",1988,"Age 1",1.46153435818794
"wgom",1989,"Age 1",1.58572676269506
"wgom",1990,"Age 1",0.554977478526192
"wgom",1991,"Age 1",0.750629151975064
"wgom",1992,"Age 1",0.569435940064016
"wgom",1993,"Age 1",0.660994535310104
"wgom",1994,"Age 1",0.674323278562802
"wgom",1995,"Age 1",-0.0281613497326347
"wgom",1996,"Age 1",-0.106756956887606
"wgom",1997,"Age 1",0.457702888053731
"wgom",1998,"Age 1",0.0494811181433281
"wgom",1999,"Age 1",1.05700657825108
"wgom",2000,"Age 1",1.31559366321261
"wgom",2001,"Age 1",-0.154744352277879
"wgom",2002,"Age 1",1.2529818551689
"wgom",2003,"Age 1",0.591006072351036
"wgom",2004,"Age 1",1.45472389255474
"wgom",2005,"Age 1",0.356940447773951
"wgom",2006,"Age 1",1.14428491071941
"wgom",2007,"Age 1",0.908669524486024
"wgom",2008,"Age 1",1.00593896829622
"wgom",2009,"Age 1",0.697269461954805
"wgom",2010,"Age 1",-0.113500730446564
"wgom",2011,"Age 1",-0.995952752359625
"wgom",2012,"Age 1",-0.915768326368016
"wgom",2013,"Age 1",-1.82668652537781
"wgom",2014,"Age 1",-0.996645589427473
"wgom",2015,"Age 1",-1.49772234878418
"wgom",2016,"Age 1",-2.34999794691374
"wgom",2017,"Age 1",-2.53545099439644
"wgom",2018,"Age 1",-1.46409199320803
"wgom",2019,"Age 1",-2.27294490199656
"wgom",2020,"Age 1",-1.2049865086473
"wgom",2021,"Age 1",-0.904202479371826
"wgom",2022,"Age 1",-0.967510994554616
"wgom",2023,"Age 1",-1.67472252598726
"wgom",1981,"Age 2",0
"wgom",1982,"Age 2",0.0953352964367511
"wgom",1983,"Age 2",0.263353290410766
"wgom",1984,"Age 2",-0.188231795661602
"wgom",1985,"Age 2",0.448918451267206
"wgom",1986,"Age 2",0.681174866762879
"wgom",1987,"Age 2",0.823464819611601
"wgom",1988,"Age 2",0.68479196829233
"wgom",1989,"Age 2",0.521208668675891
"wgom",1990,"Age 2",0.20372882461464
"wgom",1991,"Age 2",0.185531862492757
"wgom",1992,"Age 2",0.496554727534972
"wgom",1993,"Age 2",0.524134911993674
"wgom",1994,"Age 2",0.389728960457916
"wgom",1995,"Age 2",0.250916286061075
"wgom",1996,"Age 2",0.104205290555358
"wgom",1997,"Age 2",0.417234108848911
"wgom",1998,"Age 2",0.282127633399725
"wgom",1999,"Age 2",0.447209461838225
"wgom",2000,"Age 2",0.501420281392454
"wgom",2001,"Age 2",-0.131991969608292
"wgom",2002,"Age 2",-0.0741653373041107
"wgom",2003,"Age 2",-0.484604834230678
"wgom",2004,"Age 2",-0.606508689646564
"wgom",2005,"Age 2",-0.527400189423991
"wgom",2006,"Age 2",0.387920719389051
"wgom",2007,"Age 2",0.19717858688405
"wgom",2008,"Age 2",0.29047514150969
"wgom",2009,"Age 2",-0.404352088403392
"wgom",2010,"Age 2",-0.661841039897267
"wgom",2011,"Age 2",-0.610832213154634
"wgom",2012,"Age 2",-0.025313509809588
"wgom",2013,"Age 2",0.0409748017422435
"wgom",2014,"Age 2",0.251405029592019
"wgom",2015,"Age 2",0.347486592053929
"wgom",2016,"Age 2",-0.115501287229216
"wgom",2017,"Age 2",0.0251487226097922
"wgom",2018,"Age 2",0.0182521945439849
"wgom",2019,"Age 2",-0.124062959747271
"wgom",2020,"Age 2",-0.257449750684463
"wgom",2021,"Age 2",-0.376366052499577
"wgom",2022,"Age 2",-0.29789446560863
"wgom",2023,"Age 2",-0.627813528625019
"wgom",1981,"Age 3",0
"wgom",1982,"Age 3",-0.728006711206008
"wgom",1983,"Age 3",-0.666309372561502
"wgom",1984,"Age 3",-0.778582736777397
"wgom",1985,"Age 3",-0.630226659818682
"wgom",1986,"Age 3",-0.064834810745845
"wgom",1987,"Age 3",0.0959081213145936
"wgom",1988,"Age 3",-0.0844059689416348
"wgom",1989,"Age 3",-0.0763448904957471
"wgom",1990,"Age 3",-0.155251853394921
"wgom",1991,"Age 3",-0.830767097749744
"wgom",1992,"Age 3",-0.473257310537003
"wgom",1993,"Age 3",-0.233958343327483
"wgom",1994,"Age 3",-0.128921552100635
"wgom",1995,"Age 3",-0.00787800951217044
"wgom",1996,"Age 3",-0.57142461116784
"wgom",1997,"Age 3",-0.129771002183691
"wgom",1998,"Age 3",-0.0203375415722249
"wgom",1999,"Age 3",0.201245759994958
"wgom",2000,"Age 3",0.183479457193572
"wgom",2001,"Age 3",-0.123005593566216
"wgom",2002,"Age 3",-0.153391056888308
"wgom",2003,"Age 3",-0.328409973821468
"wgom",2004,"Age 3",-0.177235512385444
"wgom",2005,"Age 3",-0.443343148475166
"wgom",2006,"Age 3",-0.0417999226493464
"wgom",2007,"Age 3",0.00229827845927311
"wgom",2008,"Age 3",-0.323727391797899
"wgom",2009,"Age 3",-0.683806313974463
"wgom",2010,"Age 3",-0.562265300079078
"wgom",2011,"Age 3",-0.464489469860546
"wgom",2012,"Age 3",0.0908487755479905
"wgom",2013,"Age 3",0.359951912137507
"wgom",2014,"Age 3",0.261034675694888
"wgom",2015,"Age 3",0.294760040227627
"wgom",2016,"Age 3",0.152232180266032
"wgom",2017,"Age 3",0.201656293025125
"wgom",2018,"Age 3",0.230469278004994
"wgom",2019,"Age 3",0.0660221933765852
"wgom",2020,"Age 3",0.128709957269709
"wgom",2021,"Age 3",0.117541906119677
"wgom",2022,"Age 3",-0.00444010666740979
"wgom",2023,"Age 3",-0.603402469754181
"wgom",1981,"Age 4",0
"wgom",1982,"Age 4",-0.17056580091251
"wgom",1983,"Age 4",-0.21310840499198
"wgom",1984,"Age 4",-0.236616893604992
"wgom",1985,"Age 4",-0.261104275675724
"wgom",1986,"Age 4",-0.0024980134761039
"wgom",1987,"Age 4",0.100062310355353
"wgom",1988,"Age 4",0.157171679580687
"wgom",1989,"Age 4",-0.153976604101461
"wgom",1990,"Age 4",-0.164527022600746
"wgom",1991,"Age 4",-0.0751695298562627
"wgom",1992,"Age 4",-0.512646505880928
"wgom",1993,"Age 4",-0.13917637139542
"wgom",1994,"Age 4",-0.202360257041666
"wgom",1995,"Age 4",-0.136587378623211
"wgom",1996,"Age 4",0.0505176825361353
"wgom",1997,"Age 4",-0.218360651940003
"wgom",1998,"Age 4",0.131441713301869
"wgom",1999,"Age 4",0.0753680863560637
"wgom",2000,"Age 4",-0.0628316073441759
"wgom",2001,"Age 4",0.0653814419715371
"wgom",2002,"Age 4",-0.00927263656297406
"wgom",2003,"Age 4",-0.300847762178151
"wgom",2004,"Age 4",-0.0938935938747356
"wgom",2005,"Age 4",0.126225770195719
"wgom",2006,"Age 4",0.305169918737114
"wgom",2007,"Age 4",0.281533421020647
"wgom",2008,"Age 4",-0.221945361765952
"wgom",2009,"Age 4",-0.307195723993651
"wgom",2010,"Age 4",-0.05870573267309
"wgom",2011,"Age 4",0.14062313931447
"wgom",2012,"Age 4",0.205133521152026
"wgom",2013,"Age 4",0.112566052336122
"wgom",2014,"Age 4",0.317442471749932
"wgom",2015,"Age 4",0.289416485016605
"wgom",2016,"Age 4",0.267214836240587
"wgom",2017,"Age 4",0.109233500207415
"wgom",2018,"Age 4",0.0575697729927844
"wgom",2019,"Age 4",-0.0820755377880564
"wgom",2020,"Age 4",-0.0586418660519721
"wgom",2021,"Age 4",-0.0697557387280865
"wgom",2022,"Age 4",0.0977080918476689
"wgom",2023,"Age 4",0.154395221518735
"wgom",1981,"Age 5",0
"wgom",1982,"Age 5",-0.0535159768252109
"wgom",1983,"Age 5",-0.0720020829246772
"wgom",1984,"Age 5",-0.154614509933515
"wgom",1985,"Age 5",-0.151946752028106
"wgom",1986,"Age 5",-0.0421463928670187
"wgom",1987,"Age 5",-0.0154492869556808
"wgom",1988,"Age 5",-0.240656565356042
"wgom",1989,"Age 5",-0.328643576459451
"wgom",1990,"Age 5",-0.263617368486941
"wgom",1991,"Age 5",-0.0552837929522685
"wgom",1992,"Age 5",0.279069084786593
"wgom",1993,"Age 5",0.0271694441758878
"wgom",1994,"Age 5",-0.0875872230282857
"wgom",1995,"Age 5",-0.385206460600849
"wgom",1996,"Age 5",-0.34748189528595
"wgom",1997,"Age 5",-0.152666281523071
"wgom",1998,"Age 5",-0.1648763273363
"wgom",1999,"Age 5",0.062678873370241
"wgom",2000,"Age 5",-0.136153463457801
"wgom",2001,"Age 5",-0.124304995377356
"wgom",2002,"Age 5",-0.0741315634736468
"wgom",2003,"Age 5",-0.401722496661066
"wgom",2004,"Age 5",-0.548279945210581
"wgom",2005,"Age 5",-0.460013812623595
"wgom",2006,"Age 5",-0.232432187166451
"wgom",2007,"Age 5",-0.361244403844354
"wgom",2008,"Age 5",-0.548831632057547
"wgom",2009,"Age 5",-0.434360660277436
"wgom",2010,"Age 5",-0.253454724054365
"wgom",2011,"Age 5",-0.130541062159184
"wgom",2012,"Age 5",-0.390738269318877
"wgom",2013,"Age 5",-0.389407867385149
"wgom",2014,"Age 5",-0.346212354512608
"wgom",2015,"Age 5",-0.568745515936572
"wgom",2016,"Age 5",-0.249271484028984
"wgom",2017,"Age 5",-0.366996451815083
"wgom",2018,"Age 5",-0.514888888416856
"wgom",2019,"Age 5",-0.779797309297753
"wgom",2020,"Age 5",-0.789697182544562
"wgom",2021,"Age 5",-0.854763091337152
"wgom",2022,"Age 5",-0.747963582748861
"wgom",2023,"Age 5",-0.35923705648934
"wgom",1981,"Age 6",0
"wgom",1982,"Age 6",0.157505253052753
"wgom",1983,"Age 6",0.13539315520029
"wgom",1984,"Age 6",0.0694287260085238
"wgom",1985,"Age 6",0.0414827935484219
"wgom",1986,"Age 6",0.195415794777897
"wgom",1987,"Age 6",0.18370762545848
"wgom",1988,"Age 6",0.0588004047594497
"wgom",1989,"Age 6",-0.0891037055410688
"wgom",1990,"Age 6",-0.0204146919136905
"wgom",1991,"Age 6",-0.00403543539964968
"wgom",1992,"Age 6",0.119258751101978
"wgom",1993,"Age 6",-0.0615595227448358
"wgom",1994,"Age 6",-0.0382289526332
"wgom",1995,"Age 6",-0.200455124002236
"wgom",1996,"Age 6",-0.33495571651889
"wgom",1997,"Age 6",-0.279537540170467
"wgom",1998,"Age 6",-0.133003988878039
"wgom",1999,"Age 6",0.118011280829648
"wgom",2000,"Age 6",0.12612687309919
"wgom",2001,"Age 6",0.225919455597229
"wgom",2002,"Age 6",0.0197819243824178
"wgom",2003,"Age 6",-0.297363104698182
"wgom",2004,"Age 6",-0.527520081770989
"wgom",2005,"Age 6",-0.0455264712102013
"wgom",2006,"Age 6",0.141844273976462
"wgom",2007,"Age 6",-0.102734736849138
"wgom",2008,"Age 6",-0.361502502877237
"wgom",2009,"Age 6",-0.482199449352821
"wgom",2010,"Age 6",-0.424249359699655
"wgom",2011,"Age 6",-0.250515192600443
"wgom",2012,"Age 6",-0.629285464734299
"wgom",2013,"Age 6",-0.641668563981026
"wgom",2014,"Age 6",-0.418613418910079
"wgom",2015,"Age 6",-0.407229857571769
"wgom",2016,"Age 6",-0.321750629522632
"wgom",2017,"Age 6",-0.240583083457961
"wgom",2018,"Age 6",-0.365525360442633
"wgom",2019,"Age 6",-0.344224309433852
"wgom",2020,"Age 6",-0.531111733889432
"wgom",2021,"Age 6",-0.424707298323083
"wgom",2022,"Age 6",-0.344539691715849
"wgom",2023,"Age 6",-0.13878873131281
"wgom",1981,"Age 7",0
"wgom",1982,"Age 7",0.189340798847947
"wgom",1983,"Age 7",0.266146861817254
"wgom",1984,"Age 7",0.216593741903484
"wgom",1985,"Age 7",0.195425853113489
"wgom",1986,"Age 7",0.350840911374955
"wgom",1987,"Age 7",0.291152242958993
"wgom",1988,"Age 7",0.222318790458213
"wgom",1989,"Age 7",0.190182397525244
"wgom",1990,"Age 7",0.201622822052546
"wgom",1991,"Age 7",0.220082001151767
"wgom",1992,"Age 7",0.30152096996447
"wgom",1993,"Age 7",0.212031823349753
"wgom",1994,"Age 7",0.164551155005187
"wgom",1995,"Age 7",0.100276140163248
"wgom",1996,"Age 7",0.0285484526129882
"wgom",1997,"Age 7",0.0701201567579401
"wgom",1998,"Age 7",0.195959801609021
"wgom",1999,"Age 7",0.38849349061242
"wgom",2000,"Age 7",0.391433672841788
"wgom",2001,"Age 7",0.464275559071313
"wgom",2002,"Age 7",0.201965326350082
"wgom",2003,"Age 7",-0.199224640887519
"wgom",2004,"Age 7",-0.334990141775513
"wgom",2005,"Age 7",-0.222348723810245
"wgom",2006,"Age 7",-0.152145885603291
"wgom",2007,"Age 7",-0.258165496650821
"wgom",2008,"Age 7",-0.488421303599585
"wgom",2009,"Age 7",-0.474954807928617
"wgom",2010,"Age 7",-0.527556486067076
"wgom",2011,"Age 7",-0.483719869173948
"wgom",2012,"Age 7",-0.543231349458518
"wgom",2013,"Age 7",-0.463354571816479
"wgom",2014,"Age 7",-0.17684073546582
"wgom",2015,"Age 7",-0.0758180373119139
"wgom",2016,"Age 7",-0.0425269307760741
"wgom",2017,"Age 7",-0.335875666282126
"wgom",2018,"Age 7",-0.450654579008678
"wgom",2019,"Age 7",-0.589673313990899
"wgom",2020,"Age 7",-0.575385355288391
"wgom",2021,"Age 7",-0.47744505900266
"wgom",2022,"Age 7",-0.418741410249543
"wgom",2023,"Age 7",-0.248066573014567
"wgom",1981,"Age 8",0
"wgom",1982,"Age 8",0.362017426700798
"wgom",1983,"Age 8",0.447450068153964
"wgom",1984,"Age 8",0.430473439140576
"wgom",1985,"Age 8",0.417225133038019
"wgom",1986,"Age 8",0.450614330117056
"wgom",1987,"Age 8",0.403510134622912
"wgom",1988,"Age 8",0.323614614871232
"wgom",1989,"Age 8",0.31170213134128
"wgom",1990,"Age 8",0.373482057495682
"wgom",1991,"Age 8",0.415370304779018
"wgom",1992,"Age 8",0.501919516878779
"wgom",1993,"Age 8",0.45070771825756
"wgom",1994,"Age 8",0.359428338111242
"wgom",1995,"Age 8",0.144621135990688
"wgom",1996,"Age 8",0.108162827793992
"wgom",1997,"Age 8",0.186919709918729
"wgom",1998,"Age 8",0.303072611628993
"wgom",1999,"Age 8",0.358715102449617
"wgom",2000,"Age 8",0.340488450994972
"wgom",2001,"Age 8",0.342218287139493
"wgom",2002,"Age 8",0.148552994912952
"wgom",2003,"Age 8",-0.111347471346924
"wgom",2004,"Age 8",-0.315954887581973
"wgom",2005,"Age 8",-0.204304376308809
"wgom",2006,"Age 8",-0.215321613929135
"wgom",2007,"Age 8",-0.374821478863999
"wgom",2008,"Age 8",-0.415600174723991
"wgom",2009,"Age 8",-0.421212987304327
"wgom",2010,"Age 8",-0.310073348065195
"wgom",2011,"Age 8",-0.280402578127634
"wgom",2012,"Age 8",-0.348117263963933
"wgom",2013,"Age 8",-0.254810932395599
"wgom",2014,"Age 8",-0.125676577717027
"wgom",2015,"Age 8",-0.0651642215264183
"wgom",2016,"Age 8",-0.0181039066728581
"wgom",2017,"Age 8",-0.184939081731418
"wgom",2018,"Age 8",-0.205796023751675
"wgom",2019,"Age 8",-0.244937619715567
"wgom",2020,"Age 8",-0.270018937225518
"wgom",2021,"Age 8",-0.249724841744134
"wgom",2022,"Age 8",-0.203106281673534
"wgom",2023,"Age 8",-0.125773764155028
"wgom",1981,"Age 9",0
"wgom",1982,"Age 9",0.213569313646104
"wgom",1983,"Age 9",0.339939892090997
"wgom",1984,"Age 9",0.366964094872112
"wgom",1985,"Age 9",0.334627692786854
"wgom",1986,"Age 9",0.288923355027741
"wgom",1987,"Age 9",0.163970679720228
"wgom",1988,"Age 9",0.124285226367393
"wgom",1989,"Age 9",0.158819844877456
"wgom",1990,"Age 9",0.256762920371751
"wgom",1991,"Age 9",0.312286984154732
"wgom",1992,"Age 9",0.43619718449786
"wgom",1993,"Age 9",0.468246865149855
"wgom",1994,"Age 9",0.392389668095992
"wgom",1995,"Age 9",0.196471197556098
"wgom",1996,"Age 9",0.0829409467059188
"wgom",1997,"Age 9",0.14470647076935
"wgom",1998,"Age 9",0.242269345085391
"wgom",1999,"Age 9",0.309587884497335
"wgom",2000,"Age 9",0.298258514516965
"wgom",2001,"Age 9",0.29224825392439
"wgom",2002,"Age 9",0.163582111375328
"wgom",2003,"Age 9",-0.000374492274588967
"wgom",2004,"Age 9",-0.180852118367612
"wgom",2005,"Age 9",-0.226268661308508
"wgom",2006,"Age 9",-0.254333774803364
"wgom",2007,"Age 9",-0.387061181137596
"wgom",2008,"Age 9",-0.407163185224396
"wgom",2009,"Age 9",-0.448975338478018
"wgom",2010,"Age 9",-0.460348347511538
"wgom",2011,"Age 9",-0.452706368428534
"wgom",2012,"Age 9",-0.580317055142553
"wgom",2013,"Age 9",-0.547794588960782
"wgom",2014,"Age 9",-0.44934844218529
"wgom",2015,"Age 9",-0.436110059456061
"wgom",2016,"Age 9",-0.455804248828769
"wgom",2017,"Age 9",-0.545586913485976
"wgom",2018,"Age 9",-0.487029903543573
"wgom",2019,"Age 9",-0.499614357374288
"wgom",2020,"Age 9",-0.517871582541611
"wgom",2021,"Age 9",-0.505949890981662
"wgom",2022,"Age 9",-0.381736334921962
"wgom",2023,"Age 9",-0.260545509999803
