"year","Temp_Anomaly","SSP","temp"
1959,-1.20839596137398,"SSP126",6.63830718208333
1960,-1.45522017645732,"SSP126",6.391482967
1961,-1.54686793820732,"SSP126",6.29983520525
1962,-1.51139882954065,"SSP126",6.33530431391667
1963,-1.20258783729065,"SSP126",6.64411530616667
1964,-0.864915120373984,"SSP126",6.98178802308333
1965,-1.48498411487398,"SSP126",6.36171902858333
1966,-1.37706328612398,"SSP126",6.46963985733333
1967,-1.42954804604065,"SSP126",6.41715509741667
1968,-1.69958725345732,"SSP126",6.14711589
1969,-1.62798811387398,"SSP126",6.21871502958333
1970,-1.10410922179065,"SSP126",6.74259392166667
1971,-1.19193755904065,"SSP126",6.65476558441667
1972,-0.929877630457317,"SSP126",6.916825513
1973,-0.968862803457317,"SSP126",6.87784034
1974,-0.40186659004065,"SSP126",7.44483655341667
1975,0.189347891542683,"SSP126",8.036051035
1976,0.298645327876017,"SSP126",8.14534847133333
1977,-0.948788856957317,"SSP126",6.8979142865
1978,-1.12224200045732,"SSP126",6.724461143
1979,-1.34510865429065,"SSP126",6.50159448916667
1980,-1.09198760187398,"SSP126",6.75471554158333
1981,-1.41198419170732,"SSP126",6.43471895175
1982,-1.28458271054065,"SSP126",6.56212043291667
1983,-0.873629109790651,"SSP126",6.97307403366667
1984,-0.610634542623984,"SSP126",7.23606860083333
1985,-0.27238790929065,"SSP126",7.57431523416667
1986,-0.0896432728739835,"SSP126",7.75705987058333
1987,-0.66422157404065,"SSP126",7.18248156941667
1988,-0.500859010873984,"SSP126",7.34584413258333
1989,-0.727713803790651,"SSP126",7.11898933966667
1990,-0.456208250623984,"SSP126",7.39049489283333
1991,-0.0601939247906502,"SSP126",7.78650921866667
1992,-1.20459558970732,"SSP126",6.64210755375
1993,-0.576514791623984,"SSP126",7.27018835183333
1994,0.16788317745935,"SSP126",8.01458632091667
1995,0.210822660876017,"SSP126",8.05752580433333
1996,-0.266836239373983,"SSP126",7.57986690408333
1997,0.0318869942093496,"SSP126",7.87859013766667
1998,-0.797271889873984,"SSP126",7.04943125358333
1999,0.0254075514593497,"SSP126",7.87211069491667
2000,0.226089280709349,"SSP126",8.07279242416667
2001,-0.0189057532906505,"SSP126",7.82779739016667
2002,0.307444087042683,"SSP126",8.1541472305
2003,-0.648044758957317,"SSP126",7.1986583845
2004,-1.23531104429065,"SSP126",6.61139209916667
2005,-0.848847097207317,"SSP126",6.99785604625
2006,0.19838075445935,"SSP126",8.04508389791667
2007,-0.59229830329065,"SSP126",7.25440484016667
2008,-0.573797017623984,"SSP126",7.27290612583333
2009,-0.412131771123984,"SSP126",7.43457137233333
2010,0.179843644709349,"SSP126",8.02654678816667
2011,0.554803833292683,"SSP126",8.40150697675
2012,1.33182301279268,"SSP126",9.17852615625
2013,0.983517269542682,"SSP126",8.830220413
2014,0.816739268959349,"SSP126",8.66344241241667
2015,0.908097903792683,"SSP126",8.75480104725
2016,1.42260268312602,"SSP126",9.26930582658333
2017,1.02937540012602,"SSP126",8.87607854358333
2018,0.954029221626017,"SSP126",8.80073236508333
2019,1.04502436654268,"SSP126",8.89172751
2020,2.00491320095935,"SSP126",9.85161634441667
2021,1.72792824562602,"SSP126",9.57463138908333
2022,1.71092982676477,"SSP126",9.55763297022209
2023,0.850789907252751,"SSP126",8.69749305071007
2024,0.983143921217001,"SSP126",8.82984706467432
2025,0.73228603208305,"SSP126",8.57898917554037
2026,0.55227080945661,"SSP126",8.39897395291393
2027,0.537761506967841,"SSP126",8.38446465042516
2028,0.896208031422041,"SSP126",8.74291117487936
2029,0.686513180903211,"SSP126",8.53321632436053
2030,1.00812424427992,"SSP126",8.85482738773724
2031,1.5992332393266,"SSP126",9.44593638278392
2032,0.595289095581131,"SSP126",8.44199223903845
2033,0.135649724917561,"SSP126",7.98235286837488
2034,0.52214513801658,"SSP126",8.3688482814739
2035,0.37901003004619,"SSP126",8.22571317350351
2036,0.467288881051791,"SSP126",8.31399202450911
2037,0.307181040389381,"SSP126",8.1538841838467
2038,0.823538793532921,"SSP126",8.67024193699024
2039,0.73765408843959,"SSP126",8.58435723189691
2040,1.17277823293449,"SSP126",9.01948137639181
2041,0.67448056824477,"SSP126",8.52118371170209
2042,0.87918869456167,"SSP126",8.72589183801899
2043,1.09276909916315,"SSP126",8.93947224262047
2044,1.06435129108654,"SSP126",8.91105443454386
2045,0.164239504611451,"SSP126",8.01094264806877
2046,0.799656122952691,"SSP126",8.64635926641001
2047,0.37616873408715,"SSP126",8.22287187754447
2048,0.342571076688,"SSP126",8.18927422014532
2049,1.43379461586864,"SSP126",9.28049775932596
2050,1.43951472006247,"SSP126",9.28621786351979
2051,1.20081977310406,"SSP126",9.04752291656138
2052,1.25350557424285,"SSP126",9.10020871770017
2053,1.31915001453838,"SSP126",9.1658531579957
2054,0.46052622468593,"SSP126",8.30722936814325
2055,1.18902136005248,"SSP126",9.0357245035098
2056,0.96237732208311,"SSP126",8.80908046554043
2057,2.03395785899654,"SSP126",9.88066100245386
2058,0.92654016491067,"SSP126",8.77324330836799
2059,1.621243056296,"SSP126",9.46794619975332
2060,1.25799798490856,"SSP126",9.10470112836588
2061,0.88251579680816,"SSP126",8.72921894026548
2062,1.45799251431282,"SSP126",9.30469565777014
2063,1.59494223534709,"SSP126",9.44164537880441
2064,1.28961279835778,"SSP126",9.1363159418151
2065,1.00654616088619,"SSP126",8.85324930434351
2066,0.81063940687227,"SSP126",8.65734255032959
2067,1.03588558619825,"SSP126",8.88258872965557
2068,1.1660506320964,"SSP126",9.01275377555372
2069,1.83688422596251,"SSP126",9.68358736941983
2070,1.66598676642294,"SSP126",9.51268990988026
2071,1.59707942097101,"SSP126",9.44378256442833
2072,1.50174436923898,"SSP126",9.3484475126963
2073,1.86054090105247,"SSP126",9.70724404450979
2074,2.01097248710479,"SSP126",9.85767563056211
2075,1.52943697685799,"SSP126",9.37614012031531
2076,1.52299907147532,"SSP126",9.36970221493264
2077,2.31141094242582,"SSP126",10.1581140858831
2078,1.86516552237268,"SSP126",9.71186866583
2079,1.90977542355212,"SSP126",9.75647856700944
2080,1.2506122323965,"SSP126",9.09731537585382
2081,1.33651512083078,"SSP126",9.1832182642881
2082,1.9153846287507,"SSP126",9.76208777220802
2083,1.67330785033884,"SSP126",9.52001099379616
2084,2.09532301632532,"SSP126",9.94202615978264
2085,1.3394443965034,"SSP126",9.18614753996072
2086,1.13936085611415,"SSP126",8.98606399957147
2087,1.2897833637497,"SSP126",9.13648650720702
2088,1.53943627398225,"SSP126",9.38613941743957
2089,1.2253052579618,"SSP126",9.07200840141912
2090,1.65715624233969,"SSP126",9.50385938579701
2091,1.35370027929377,"SSP126",9.20040342275109
2092,1.79335003327897,"SSP126",9.64005317673629
2093,2.10434208478264,"SSP126",9.95104522823996
2094,1.87234459055895,"SSP126",9.71904773401627
2095,1.16651187431016,"SSP126",9.01321501776748
2096,1.82248443949315,"SSP126",9.66918758295047
2097,2.08829349952473,"SSP126",9.93499664298205
2098,1.34331712529544,"SSP126",9.19002026875276
2099,1.25384764818689,"SSP126",9.10055079164421
2100,1.42654768620237,"SSP126",9.27325082965969
1959,-1.20839596137398,"SSP245",6.63830718208333
1960,-1.45522017645732,"SSP245",6.391482967
1961,-1.54686793820732,"SSP245",6.29983520525
1962,-1.51139882954065,"SSP245",6.33530431391667
1963,-1.20258783729065,"SSP245",6.64411530616667
1964,-0.864915120373984,"SSP245",6.98178802308333
1965,-1.48498411487398,"SSP245",6.36171902858333
1966,-1.37706328612398,"SSP245",6.46963985733333
1967,-1.42954804604065,"SSP245",6.41715509741667
1968,-1.69958725345732,"SSP245",6.14711589
1969,-1.62798811387398,"SSP245",6.21871502958333
1970,-1.10410922179065,"SSP245",6.74259392166667
1971,-1.19193755904065,"SSP245",6.65476558441667
1972,-0.929877630457317,"SSP245",6.916825513
1973,-0.968862803457317,"SSP245",6.87784034
1974,-0.40186659004065,"SSP245",7.44483655341667
1975,0.189347891542683,"SSP245",8.036051035
1976,0.298645327876017,"SSP245",8.14534847133333
1977,-0.948788856957317,"SSP245",6.8979142865
1978,-1.12224200045732,"SSP245",6.724461143
1979,-1.34510865429065,"SSP245",6.50159448916667
1980,-1.09198760187398,"SSP245",6.75471554158333
1981,-1.41198419170732,"SSP245",6.43471895175
1982,-1.28458271054065,"SSP245",6.56212043291667
1983,-0.873629109790651,"SSP245",6.97307403366667
1984,-0.610634542623984,"SSP245",7.23606860083333
1985,-0.27238790929065,"SSP245",7.57431523416667
1986,-0.0896432728739835,"SSP245",7.75705987058333
1987,-0.66422157404065,"SSP245",7.18248156941667
1988,-0.500859010873984,"SSP245",7.34584413258333
1989,-0.727713803790651,"SSP245",7.11898933966667
1990,-0.456208250623984,"SSP245",7.39049489283333
1991,-0.0601939247906502,"SSP245",7.78650921866667
1992,-1.20459558970732,"SSP245",6.64210755375
1993,-0.576514791623984,"SSP245",7.27018835183333
1994,0.16788317745935,"SSP245",8.01458632091667
1995,0.210822660876017,"SSP245",8.05752580433333
1996,-0.266836239373983,"SSP245",7.57986690408333
1997,0.0318869942093496,"SSP245",7.87859013766667
1998,-0.797271889873984,"SSP245",7.04943125358333
1999,0.0254075514593497,"SSP245",7.87211069491667
2000,0.226089280709349,"SSP245",8.07279242416667
2001,-0.0189057532906505,"SSP245",7.82779739016667
2002,0.307444087042683,"SSP245",8.1541472305
2003,-0.648044758957317,"SSP245",7.1986583845
2004,-1.23531104429065,"SSP245",6.61139209916667
2005,-0.848847097207317,"SSP245",6.99785604625
2006,0.19838075445935,"SSP245",8.04508389791667
2007,-0.59229830329065,"SSP245",7.25440484016667
2008,-0.573797017623984,"SSP245",7.27290612583333
2009,-0.412131771123984,"SSP245",7.43457137233333
2010,0.179843644709349,"SSP245",8.02654678816667
2011,0.554803833292683,"SSP245",8.40150697675
2012,1.33182301279268,"SSP245",9.17852615625
2013,0.983517269542682,"SSP245",8.830220413
2014,0.816739268959349,"SSP245",8.66344241241667
2015,0.908097903792683,"SSP245",8.75480104725
2016,1.42260268312602,"SSP245",9.26930582658333
2017,1.02937540012602,"SSP245",8.87607854358333
2018,0.954029221626017,"SSP245",8.80073236508333
2019,1.04502436654268,"SSP245",8.89172751
2020,2.00491320095935,"SSP245",9.85161634441667
2021,1.72792824562602,"SSP245",9.57463138908333
2022,1.87532982988766,"SSP245",9.72203297334498
2023,0.254671004540522,"SSP245",8.10137414799784
2024,0.607976451864242,"SSP245",8.45467959532156
2025,0.831446215081011,"SSP245",8.67814935853833
2026,1.31019182649097,"SSP245",9.15689496994829
2027,1.12320496650595,"SSP245",8.96990810996327
2028,1.07550674639512,"SSP245",8.92220988985244
2029,0.997899161951232,"SSP245",8.84460230540855
2030,-0.0418118722726684,"SSP245",7.80489127118465
2031,0.137884346739192,"SSP245",7.98458749019651
2032,0.859754969462933,"SSP245",8.70645811292025
2033,0.530797423039252,"SSP245",8.37750056649657
2034,0.474739222641412,"SSP245",8.32144236609873
2035,0.386940457062042,"SSP245",8.23364360051936
2036,0.661108735477792,"SSP245",8.50781187893511
2037,1.48485754690934,"SSP245",9.33156069036666
2038,1.00360917481955,"SSP245",8.85031231827687
2039,1.39261809668565,"SSP245",9.23932124014297
2040,1.04079843825814,"SSP245",8.88750158171546
2041,0.727452409189772,"SSP245",8.57415555264709
2042,1.20934125177247,"SSP245",9.05604439522979
2043,1.11845284973992,"SSP245",8.96515599319724
2044,1.49866830813597,"SSP245",9.34537145159329
2045,1.17072701498227,"SSP245",9.01743015843959
2046,0.751230041873472,"SSP245",8.59793318533079
2047,1.92438909399963,"SSP245",9.77109223745695
2048,1.67865794859697,"SSP245",9.52536109205429
2049,1.91279473867114,"SSP245",9.75949788212846
2050,1.16634241097841,"SSP245",9.01304555443573
2051,0.662635202878102,"SSP245",8.50933834633542
2052,1.68073054411035,"SSP245",9.52743368756767
2053,1.69057196104387,"SSP245",9.53727510450119
2054,1.54512518680993,"SSP245",9.39182833026725
2055,1.39710455251415,"SSP245",9.24380769597147
2056,1.68915535307458,"SSP245",9.5358584965319
2057,2.56032722543865,"SSP245",10.407030368896
2058,1.59262990580962,"SSP245",9.43933304926694
2059,1.36027563254664,"SSP245",9.20697877600396
2060,1.55494846038575,"SSP245",9.40165160384307
2061,1.64455519270091,"SSP245",9.49125833615823
2062,1.13914359533647,"SSP245",8.98584673879379
2063,1.39834893371386,"SSP245",9.24505207717118
2064,1.66609052841346,"SSP245",9.51279367187078
2065,2.05892693862791,"SSP245",9.90563008208523
2066,1.78699158407525,"SSP245",9.63369472753257
2067,1.61509726402561,"SSP245",9.46180040748293
2068,0.895994483310331,"SSP245",8.74269762676765
2069,0.721131242872851,"SSP245",8.56783438633017
2070,1.10154138218181,"SSP245",8.94824452563913
2071,1.54208357141264,"SSP245",9.38878671486996
2072,1.45494258966144,"SSP245",9.30164573311876
2073,2.2742560265191,"SSP245",10.1209591699764
2074,1.76720858419543,"SSP245",9.61391172765275
2075,2.10991910288432,"SSP245",9.95662224634164
2076,2.74344248253001,"SSP245",10.5901456259873
2077,2.96041460673641,"SSP245",10.8071177501937
2078,2.61720419137013,"SSP245",10.4639073348275
2079,2.07737123314277,"SSP245",9.92407437660009
2080,2.16060138414744,"SSP245",10.0073045276048
2081,2.93950000238351,"SSP245",10.7862031458408
2082,2.22971661001638,"SSP245",10.0764197534737
2083,2.35318969065737,"SSP245",10.1998928341147
2084,2.3089964675571,"SSP245",10.1556996110144
2085,1.73509937206049,"SSP245",9.58180251551781
2086,2.49750646537514,"SSP245",10.3442096088325
2087,2.40766691228256,"SSP245",10.2543700557399
2088,2.53748952172196,"SSP245",10.3841926651793
2089,2.27202251164448,"SSP245",10.1187256551018
2090,2.31744560987692,"SSP245",10.1641487533342
2091,2.84268572922461,"SSP245",10.6893888726819
2092,2.68595286511121,"SSP245",10.5326560085685
2093,2.58896075464563,"SSP245",10.4356638981029
2094,2.37417887234178,"SSP245",10.2208820157991
2095,3.17387788473091,"SSP245",11.0205810281882
2096,2.64819921454667,"SSP245",10.494902358004
2097,3.02660286292901,"SSP245",10.8733060063863
2098,3.68554784140611,"SSP245",11.5322509848634
2099,2.80097273387901,"SSP245",10.6476758773363
2100,2.66324046205669,"SSP245",10.509943605514
1959,-1.20839596137398,"SSP370",6.63830718208333
1960,-1.45522017645732,"SSP370",6.391482967
1961,-1.54686793820732,"SSP370",6.29983520525
1962,-1.51139882954065,"SSP370",6.33530431391667
1963,-1.20258783729065,"SSP370",6.64411530616667
1964,-0.864915120373984,"SSP370",6.98178802308333
1965,-1.48498411487398,"SSP370",6.36171902858333
1966,-1.37706328612398,"SSP370",6.46963985733333
1967,-1.42954804604065,"SSP370",6.41715509741667
1968,-1.69958725345732,"SSP370",6.14711589
1969,-1.62798811387398,"SSP370",6.21871502958333
1970,-1.10410922179065,"SSP370",6.74259392166667
1971,-1.19193755904065,"SSP370",6.65476558441667
1972,-0.929877630457317,"SSP370",6.916825513
1973,-0.968862803457317,"SSP370",6.87784034
1974,-0.40186659004065,"SSP370",7.44483655341667
1975,0.189347891542683,"SSP370",8.036051035
1976,0.298645327876017,"SSP370",8.14534847133333
1977,-0.948788856957317,"SSP370",6.8979142865
1978,-1.12224200045732,"SSP370",6.724461143
1979,-1.34510865429065,"SSP370",6.50159448916667
1980,-1.09198760187398,"SSP370",6.75471554158333
1981,-1.41198419170732,"SSP370",6.43471895175
1982,-1.28458271054065,"SSP370",6.56212043291667
1983,-0.873629109790651,"SSP370",6.97307403366667
1984,-0.610634542623984,"SSP370",7.23606860083333
1985,-0.27238790929065,"SSP370",7.57431523416667
1986,-0.0896432728739835,"SSP370",7.75705987058333
1987,-0.66422157404065,"SSP370",7.18248156941667
1988,-0.500859010873984,"SSP370",7.34584413258333
1989,-0.727713803790651,"SSP370",7.11898933966667
1990,-0.456208250623984,"SSP370",7.39049489283333
1991,-0.0601939247906502,"SSP370",7.78650921866667
1992,-1.20459558970732,"SSP370",6.64210755375
1993,-0.576514791623984,"SSP370",7.27018835183333
1994,0.16788317745935,"SSP370",8.01458632091667
1995,0.210822660876017,"SSP370",8.05752580433333
1996,-0.266836239373983,"SSP370",7.57986690408333
1997,0.0318869942093496,"SSP370",7.87859013766667
1998,-0.797271889873984,"SSP370",7.04943125358333
1999,0.0254075514593497,"SSP370",7.87211069491667
2000,0.226089280709349,"SSP370",8.07279242416667
2001,-0.0189057532906505,"SSP370",7.82779739016667
2002,0.307444087042683,"SSP370",8.1541472305
2003,-0.648044758957317,"SSP370",7.1986583845
2004,-1.23531104429065,"SSP370",6.61139209916667
2005,-0.848847097207317,"SSP370",6.99785604625
2006,0.19838075445935,"SSP370",8.04508389791667
2007,-0.59229830329065,"SSP370",7.25440484016667
2008,-0.573797017623984,"SSP370",7.27290612583333
2009,-0.412131771123984,"SSP370",7.43457137233333
2010,0.179843644709349,"SSP370",8.02654678816667
2011,0.554803833292683,"SSP370",8.40150697675
2012,1.33182301279268,"SSP370",9.17852615625
2013,0.983517269542682,"SSP370",8.830220413
2014,0.816739268959349,"SSP370",8.66344241241667
2015,0.908097903792683,"SSP370",8.75480104725
2016,1.42260268312602,"SSP370",9.26930582658333
2017,1.02937540012602,"SSP370",8.87607854358333
2018,0.954029221626017,"SSP370",8.80073236508333
2019,1.04502436654268,"SSP370",8.89172751
2020,2.00491320095935,"SSP370",9.85161634441667
2021,1.72792824562602,"SSP370",9.57463138908333
2022,0.72177280300838,"SSP370",8.5684759464657
2023,1.05102236450775,"SSP370",8.89772550796507
2024,1.07031908289192,"SSP370",8.91702222634924
2025,-0.133635248731179,"SSP370",7.71306789472614
2026,0.418350734199251,"SSP370",8.26505387765657
2027,0.698036484562292,"SSP370",8.54473962801961
2028,-0.0545320806819696,"SSP370",7.79217106277535
2029,0.139181899453741,"SSP370",7.98588504291106
2030,0.381482519295841,"SSP370",8.22818566275316
2031,-0.279698626129329,"SSP370",7.56700451732799
2032,0.119094134879611,"SSP370",7.96579727833693
2033,0.877761842322841,"SSP370",8.72446498578016
2034,1.13374429876706,"SSP370",8.98044744222438
2035,0.974518002063792,"SSP370",8.82122114552111
2036,0.58826893503567,"SSP370",8.43497207849299
2037,0.841284632704471,"SSP370",8.68798777616179
2038,0.27658917950493,"SSP370",8.12329232296225
2039,0.49888181807037,"SSP370",8.34558496152769
2040,0.608695308635891,"SSP370",8.45539845209321
2041,0.31284544869925,"SSP370",8.15954859215657
2042,1.03312494608872,"SSP370",8.87982808954604
2043,1.89518070726607,"SSP370",9.74188385072339
2044,1.54408098720561,"SSP370",9.39078413066293
2045,0.830315622505391,"SSP370",8.67701876596271
2046,0.830941332370801,"SSP370",8.67764447582812
2047,0.883865921267271,"SSP370",8.73056906472459
2048,1.08189533306891,"SSP370",8.92859847652623
2049,0.901550534814981,"SSP370",8.7482536782723
2050,0.90547560922053,"SSP370",8.75217875267785
2051,1.49912756868717,"SSP370",9.34583071214449
2052,2.34453027117272,"SSP370",10.19123341463
2053,1.01252423697322,"SSP370",8.85922738043054
2054,2.03599499562458,"SSP370",9.8826981390819
2055,1.32777631299782,"SSP370",9.17447945645514
2056,1.93240459145172,"SSP370",9.77910773490904
2057,2.1174174548893,"SSP370",9.96412059834662
2058,2.22371352639203,"SSP370",10.0704166698493
2059,2.01018659122928,"SSP370",9.8568897346866
2060,2.70913895022738,"SSP370",10.5558420936847
2061,2.52080162491803,"SSP370",10.3675047683753
2062,2.02245824916708,"SSP370",9.8691613926244
2063,1.82162784821444,"SSP370",9.66833099167176
2064,2.36252619289409,"SSP370",10.2092293363514
2065,3.07221814818208,"SSP370",10.9189212916394
2066,2.46229675025619,"SSP370",10.3089998937135
2067,2.63021746587255,"SSP370",10.4769206093299
2068,1.89540116004268,"SSP370",9.7421043035
2069,2.63817193776868,"SSP370",10.484875081226
2070,1.78059051468451,"SSP370",9.62729365814183
2071,2.88326915423268,"SSP370",10.72997229769
2072,2.73477176244898,"SSP370",10.5814749059063
2073,3.06048984292818,"SSP370",10.9071929863855
2074,3.65794218314308,"SSP370",11.5046453266004
2075,3.88480246202488,"SSP370",11.7315056054822
2076,2.63897680971878,"SSP370",10.4856799531761
2077,2.64676602984758,"SSP370",10.4934691733049
2078,2.57387054101967,"SSP370",10.420573684477
2079,3.46409747232508,"SSP370",11.3108006157824
2080,3.29080064032338,"SSP370",11.1375037837807
2081,3.19671881467608,"SSP370",11.0434219581334
2082,2.60189133551496,"SSP370",10.4485944789723
2083,3.34778240084598,"SSP370",11.1944855443033
2084,3.01164861467998,"SSP370",10.8583517581373
2085,2.31870441305657,"SSP370",10.1654075565139
2086,2.26555365229931,"SSP370",10.1122567957566
2087,2.56734786909505,"SSP370",10.4140510125524
2088,2.5650759922268,"SSP370",10.4117791356841
2089,3.01436613970608,"SSP370",10.8610692831634
2090,2.52194665857669,"SSP370",10.368649802034
2091,2.51117216802477,"SSP370",10.3578753114821
2092,2.21635252113614,"SSP370",10.0630556645935
2093,2.37564031813401,"SSP370",10.2223434615913
2094,3.11499567004408,"SSP370",10.9616988135014
2095,3.27394841134128,"SSP370",11.1206515547986
2096,3.32623698920878,"SSP370",11.1729401326661
2097,3.48001792418238,"SSP370",11.3267210676397
2098,3.44588404533228,"SSP370",11.2925871887896
2099,2.71560607787928,"SSP370",10.5623092213366
2100,3.21109227218188,"SSP370",11.0577954156392
1959,-1.20839596137398,"SSP585",6.63830718208333
1960,-1.45522017645732,"SSP585",6.391482967
1961,-1.54686793820732,"SSP585",6.29983520525
1962,-1.51139882954065,"SSP585",6.33530431391667
1963,-1.20258783729065,"SSP585",6.64411530616667
1964,-0.864915120373984,"SSP585",6.98178802308333
1965,-1.48498411487398,"SSP585",6.36171902858333
1966,-1.37706328612398,"SSP585",6.46963985733333
1967,-1.42954804604065,"SSP585",6.41715509741667
1968,-1.69958725345732,"SSP585",6.14711589
1969,-1.62798811387398,"SSP585",6.21871502958333
1970,-1.10410922179065,"SSP585",6.74259392166667
1971,-1.19193755904065,"SSP585",6.65476558441667
1972,-0.929877630457317,"SSP585",6.916825513
1973,-0.968862803457317,"SSP585",6.87784034
1974,-0.40186659004065,"SSP585",7.44483655341667
1975,0.189347891542683,"SSP585",8.036051035
1976,0.298645327876017,"SSP585",8.14534847133333
1977,-0.948788856957317,"SSP585",6.8979142865
1978,-1.12224200045732,"SSP585",6.724461143
1979,-1.34510865429065,"SSP585",6.50159448916667
1980,-1.09198760187398,"SSP585",6.75471554158333
1981,-1.41198419170732,"SSP585",6.43471895175
1982,-1.28458271054065,"SSP585",6.56212043291667
1983,-0.873629109790651,"SSP585",6.97307403366667
1984,-0.610634542623984,"SSP585",7.23606860083333
1985,-0.27238790929065,"SSP585",7.57431523416667
1986,-0.0896432728739835,"SSP585",7.75705987058333
1987,-0.66422157404065,"SSP585",7.18248156941667
1988,-0.500859010873984,"SSP585",7.34584413258333
1989,-0.727713803790651,"SSP585",7.11898933966667
1990,-0.456208250623984,"SSP585",7.39049489283333
1991,-0.0601939247906502,"SSP585",7.78650921866667
1992,-1.20459558970732,"SSP585",6.64210755375
1993,-0.576514791623984,"SSP585",7.27018835183333
1994,0.16788317745935,"SSP585",8.01458632091667
1995,0.210822660876017,"SSP585",8.05752580433333
1996,-0.266836239373983,"SSP585",7.57986690408333
1997,0.0318869942093496,"SSP585",7.87859013766667
1998,-0.797271889873984,"SSP585",7.04943125358333
1999,0.0254075514593497,"SSP585",7.87211069491667
2000,0.226089280709349,"SSP585",8.07279242416667
2001,-0.0189057532906505,"SSP585",7.82779739016667
2002,0.307444087042683,"SSP585",8.1541472305
2003,-0.648044758957317,"SSP585",7.1986583845
2004,-1.23531104429065,"SSP585",6.61139209916667
2005,-0.848847097207317,"SSP585",6.99785604625
2006,0.19838075445935,"SSP585",8.04508389791667
2007,-0.59229830329065,"SSP585",7.25440484016667
2008,-0.573797017623984,"SSP585",7.27290612583333
2009,-0.412131771123984,"SSP585",7.43457137233333
2010,0.179843644709349,"SSP585",8.02654678816667
2011,0.554803833292683,"SSP585",8.40150697675
2012,1.33182301279268,"SSP585",9.17852615625
2013,0.983517269542682,"SSP585",8.830220413
2014,0.816739268959349,"SSP585",8.66344241241667
2015,0.908097903792683,"SSP585",8.75480104725
2016,1.42260268312602,"SSP585",9.26930582658333
2017,1.02937540012602,"SSP585",8.87607854358333
2018,0.954029221626017,"SSP585",8.80073236508333
2019,1.04502436654268,"SSP585",8.89172751
2020,2.00491320095935,"SSP585",9.85161634441667
2021,1.72792824562602,"SSP585",9.57463138908333
2022,0.430521884919514,"SSP585",8.27722502837683
2023,0.332203277156774,"SSP585",8.17890642061409
2024,0.668274054475273,"SSP585",8.51497719793259
2025,0.323790510848264,"SSP585",8.17049365430558
2026,0.0247983597892842,"SSP585",7.8715015032466
2027,0.101205582359384,"SSP585",7.9479087258167
2028,-0.481913775975836,"SSP585",7.36478936748148
2029,0.581817748983274,"SSP585",8.42852089244059
2030,0.278488976473954,"SSP585",8.12519211993127
2031,0.197312311955685,"SSP585",8.044015455413
2032,0.724004408890974,"SSP585",8.57070755234829
2033,0.807124347723604,"SSP585",8.65382749118092
2034,0.356309653668494,"SSP585",8.20301279712581
2035,0.382220153193854,"SSP585",8.22892329665117
2036,0.241086253327434,"SSP585",8.08778939678475
2037,0.334956431988425,"SSP585",8.18165957544574
2038,-0.117178472961876,"SSP585",7.72952467049544
2039,0.250401965734945,"SSP585",8.09710510919226
2040,0.587456101075284,"SSP585",8.4341592445326
2041,1.16113059743572,"SSP585",9.00783374089304
2042,0.509806575101174,"SSP585",8.35650971855849
2043,0.541877444197494,"SSP585",8.38858058765481
2044,0.797977686675995,"SSP585",8.64468083013331
2045,0.749127194903473,"SSP585",8.59583033836079
2046,1.5917099675849,"SSP585",9.43841311104222
2047,2.08414761235977,"SSP585",9.93085075581709
2048,1.63122348623228,"SSP585",9.4779266296896
2049,2.07024138418767,"SSP585",9.91694452764498
2050,1.75158496199909,"SSP585",9.59828810545641
2051,1.82965260841073,"SSP585",9.67635575186805
2052,2.20878269421369,"SSP585",10.055485837671
2053,2.56490054516303,"SSP585",10.4116036886203
2054,2.08839317494279,"SSP585",9.93509631840011
2055,2.64136398120683,"SSP585",10.4880671246642
2056,1.68291868571891,"SSP585",9.52962182917623
2057,1.92154403859025,"SSP585",9.76824718204757
2058,2.04176792684531,"SSP585",9.88847107030263
2059,2.89701521649103,"SSP585",10.7437183599483
2060,2.28850982234326,"SSP585",10.1352129658006
2061,1.54624451377359,"SSP585",9.39294765723091
2062,2.14342047280388,"SSP585",9.9901236162612
2063,1.29208906245509,"SSP585",9.13879220591241
2064,0.925809548959784,"SSP585",8.7725126924171
2065,1.47291884082426,"SSP585",9.31962198428158
2066,2.04998532719475,"SSP585",9.89668847065207
2067,2.26635269186493,"SSP585",10.1130558353222
2068,2.23386856103517,"SSP585",10.0805717044925
2069,2.40344287357697,"SSP585",10.2501460170343
2070,2.12539765879956,"SSP585",9.97210080225688
2071,2.69365038058013,"SSP585",10.5403535240374
2072,2.59599673156393,"SSP585",10.4426998750213
2073,2.99923050182183,"SSP585",10.8459336452791
2074,2.55554947898233,"SSP585",10.4022526224397
2075,2.72857410775193,"SSP585",10.5752772512093
2076,3.52744189908764,"SSP585",11.374145042545
2077,1.89632736097193,"SSP585",9.74303050442925
2078,2.98706898852883,"SSP585",10.8337721319862
2079,3.13461648056203,"SSP585",10.9813196240194
2080,2.84232237547063,"SSP585",10.689025518928
2081,3.14267843362693,"SSP585",10.9893815770843
2082,3.10182419742093,"SSP585",10.9485273408783
2083,3.27099565808803,"SSP585",11.1176988015454
2084,2.82724461911613,"SSP585",10.6739477625735
2085,3.18385890152863,"SSP585",11.030562044986
2086,3.48868977446713,"SSP585",11.3353929179245
2087,3.94730997145523,"SSP585",11.7940131149126
2088,3.89292034911053,"SSP585",11.7396234925679
2089,3.74483405774403,"SSP585",11.5915372012014
2090,4.15789058771913,"SSP585",12.0045937311765
2091,3.96447663219063,"SSP585",11.811179775648
2092,3.14986465466674,"SSP585",10.9965677981241
2093,3.68226204911353,"SSP585",11.5289651925709
2094,4.28379986079563,"SSP585",12.130503004253
2095,4.10374669940553,"SSP585",11.9504498428629
2096,4.17720772539593,"SSP585",12.0239108688532
2097,3.19594056873573,"SSP585",11.0426437121931
2098,3.88610974188163,"SSP585",11.732812885339
2099,3.76471415470083,"SSP585",11.6114172981582
2100,4.17389140514833,"SSP585",12.0205945486057
