1,1,1,0,57,0.012662248,0.127638565,0.675947937,0.183751249,0
1,2,1,0,65,0.004629805,0.082872616,0.758539499,0.15395808,0
1,3,1,0,32,0.007255711,0.158242677,0.834501612,0,0
1,4,1,0,32,0.027800575,0.155967532,0.559890842,0.256341052,0
1,5,1,0,21,0.00812873,0.30911138,0.387958874,0.294801016,0
1,6,1,0,18,0.005170669,0.279412383,0.715416948,0,0
1,7,1,0,25,0.029835945,0.106948408,0.863215647,0,0
1,8,1,0,20,0.017912727,0.049648823,0.93243845,0,0
1,9,1,0,16,0.013979313,0.475073163,0.510947525,0,0
1,10,1,0,19,0.001431697,0.277363498,0.132770824,0,0.588433981
1,11,1,0,20,0.015692212,0.287041104,0.697266684,0,0
1,12,1,0,22,0.018190941,0.249210233,0.313613666,0.41898516,0
1,13,1,0,23,0.012883804,0.368020322,0.341198274,0.277897601,0
1,14,1,0,14,0.009163689,0.193054767,0.797781544,0,0
1,15,1,0,21,0.018914495,0.631362106,0.349723399,0,0
1,16,1,0,14,0.007869342,0.135938184,0.856192474,0,0
1,17,1,0,17,0.008939565,0.612740857,0.378319578,0,0
1,18,1,0,19,0.009994805,0.311865188,0.678140007,0,0
1,19,1,0,18,0.002973545,0.335381203,0.661645252,0,0
1,20,1,0,15,0.012538943,0.641699129,0.345761928,0,0
1,21,1,0,21,0.000476908,0.897292794,0.102230298,0,0
1,22,1,0,13,0.004859326,0.200583536,0.794557138,0,0
1,23,1,0,14,0.011470727,0.254299614,0.734229659,0,0
1,24,1,0,14,0.012565235,0.748806816,0.23862795,0,0
1,25,1,0,18,0.008987218,0.190474102,0.800538679,0,0
1,26,1,0,14,0.00190518,0.255259612,0.742835208,0,0
1,27,1,0,23,0.112083565,0.290024105,0.59789233,0,0
1,28,1,0,14,0.017186652,0.524147628,0.45866572,0,0
1,29,1,0,17,0.03466543,0.96533457,0,0,0
1,30,1,0,18,0.015984087,0.431611236,0.552404677,0,0
1,31,1,0,20,0.014766999,0.452533177,0.532699825,0,0
1,32,1,0,10,0.026916153,0.973083847,0,0,0
1,33,1,0,15,0.004333747,0.17479991,0.820866342,0,0
1,34,1,0,18,0.033289753,0.146668829,0.424263615,0.395777803,0
1,35,1,0,8,0.000542871,0.288318068,0.289473684,0.421665377,0
1,36,1,0,12,0.014047751,0.850188675,0.135763575,0,0
1,37,1,0,8,0.045095705,0.954904295,0,0,0
1,38,1,0,16,0.003892412,0.996107588,0,0,0
1,39,1,0,10,0.001840162,0.998159838,0,0,0
1,40,1,0,10,0.006404388,0.256721129,0.736874483,0,0
1,41,1,0,13,0.004182523,0.787804265,0.208013212,0,0
1,42,1,0,8,0.186773849,0.813226151,0,0,0
1,1,2,0,11,0,0.008478309,0.028958379,0.962563312,0
1,4,2,0,1,0,0,0,1,0
1,5,2,0,5,0,0,0,1,0
1,6,2,0,1,0,0,1,0,0
1,7,2,0,3,0,0,0,1,0
1,8,2,0,4,0,0,0,1,0
1,9,2,0,5,0,0,0.52032967,0.47967033,0
1,10,2,0,10,0,0.025355343,0.919141441,0.055503215,0
1,11,2,0,13,0,0.079015873,0.253269841,0.667714286,0
1,12,2,0,15,0,0.118048924,0.52732682,0.354624256,0
1,13,2,0,9,0,0,0.389348262,0.610651738,0
1,14,2,0,6,0,0.037312995,0.135934292,0.826752713,0
1,15,2,0,13,0,0.05348024,0.748496969,0.198022791,0
1,16,2,0,10,0,0,0.987594583,0.012405417,0
1,17,2,0,10,0,0.060187173,0.457857531,0.481955296,0
1,18,2,0,18,0,0.48878988,0.483690304,0.027519817,0
1,19,2,0,27,0,0.024672476,0.748707009,0.226620515,0
1,20,2,0,23,0,0,0.914515913,0.085484087,0
1,21,2,0,25,0,0,0.727446715,0.272553285,0
1,22,2,0,9,0,0.011782468,0.740134403,0.248083129,0
1,23,2,0,8,0,0,0.907140939,0.092859061,0
1,24,2,0,9,0,0.010592885,0.743841897,0.245565217,0
1,25,2,0,14,0,0.169720858,0.079624673,0.75065447,0
1,26,2,0,18,0,0.726373711,0.273626289,0,0
1,27,2,0,16,0.000952303,0.0034555,0.79544527,0.200146927,0
1,28,2,0,6,0,0.039189078,0.853606382,0.10720454,0
1,29,2,0,8,0.003741315,0,0.499910921,0.496347764,0
1,30,2,0,17,0,0,0.632394925,0.367605075,0
1,31,2,0,9,0,0,0.65259962,0.34740038,0
1,32,2,0,30,0,0.040697486,0.948485972,0.010816542,0
1,33,2,0,24,0,0.028364124,0.971635876,0,0
1,34,2,0,25,0,0.003060896,0.994186488,0.002752615,0
1,35,2,0,16,0,0.00610387,0.956935741,0.036960389,0
1,36,2,0,13,0,0.076699834,0.521440417,0.401859749,0
1,37,2,0,8,0,0,1,0,0
1,38,2,0,10,0,0,0.680453379,0.319546621,0
1,39,2,0,13,0,0,1,0,0
1,40,2,0,8,0,0,0.665778394,0.334221606,0
1,41,2,0,5,0,0,0.27750029,0.72249971,0
1,42,2,0,17,0,0.716833264,0.283166736,0,0
1,1,3,0,27,0,0.287901552,0.214753478,0.49734497,0
1,2,3,0,13,0,0,0.525861612,0.474138388,0
1,3,3,0,5,0,0,0.4861719,0.5138281,0
1,4,3,0,2,0.023734004,0,0.976265996,0,0
1,5,3,0,5,0,0.056822638,0.683603451,0.259573912,0
1,6,3,0,1,0,0,1,0,0
1,7,3,0,3,0,0.267798898,0.732201102,0,0
1,8,3,0,3,0,0.266701975,0.733298025,0,0
1,9,3,0,4,0,1,0,0,0
1,10,3,0,4,0,0.387409599,0.612590401,0,0
1,11,3,0,4,0,0.07054685,0.92945315,0,0
1,12,3,0,2,0,0.528331822,0.471668178,0,0
1,13,3,0,8,0,0.366038882,0.633961118,0,0
1,14,3,0,19,0,0.808730543,0.191269457,0,0
1,15,3,0,15,0,0.045228126,0.954771874,0,0
1,16,3,0,12,0,0.31807799,0.68192201,0,0
1,17,3,0,14,0,0.080442662,0.919557338,0,0
1,18,3,0,14,0,0.717563048,0.282436952,0,0
1,19,3,0,15,0,0.698671832,0.301328168,0,0
1,20,3,0,17,0,0.004675002,0.995324998,0,0
1,21,3,0,12,0,0.942474793,0.057525207,0,0
1,22,3,0,11,0,0.031641863,0.968358137,0,0
1,23,3,0,16,0,0.388210489,0.611789511,0,0
1,24,3,0,15,0,0.184560499,0.815439501,0,0
1,25,3,0,4,0,0.538258058,0.461741942,0,0
1,26,3,0,14,0,0.924385714,0.075614286,0,0
1,27,3,0,6,0,0.412602371,0.587397629,0,0
1,28,3,0,4,0,0.322635858,0.677364142,0,0
1,29,3,0,2,0,1,0,0,0
1,30,3,0,10,0,1,0,0,0
1,31,3,0,9,0,0,1,0,0
1,32,3,0,12,0,0.126688293,0.873311707,0,0
1,33,3,0,5,0,0.750432186,0.249567814,0,0
1,34,3,0,9,0,0.406268974,0.593731026,0,0
1,35,3,0,5,0,0.073639982,0.926360018,0,0
1,36,3,0,5,0,0.188861789,0.811138211,0,0
1,37,3,0,3,0,0,1,0,0
1,38,3,0,15,0,0.003707431,0.996292569,0,0
1,39,3,0,12,0,0.021801754,0.978198246,0,0
1,40,3,0,9,0,0.84927411,0.15072589,0,0
1,41,3,0,8,0,0.145981589,0.854018411,0,0
1,42,3,0,12,0,0.107677517,0.892322483,0,0
1,1,4,0,19,0.000352408,0,0.058350981,0.61901128,0.322285331
1,2,4,0,35,0.001873413,0.033698777,0.09323074,0.733891364,0.137305707
1,3,4,0,17,0.005323954,0.035648388,0.451860981,0.507166676,0
1,4,4,0,17,0.004378635,0.067282532,0.362477186,0.404027831,0.161833815
1,5,4,0,8,0.011741164,0.136484669,0.592407756,0.259366411,0
1,6,4,0,13,0,0.194566645,0.350987253,0.454446102,0
1,7,4,0,5,0,0.110423445,0.889576555,0,0
1,8,4,0,13,0,0.017029969,0.546540031,0.436429999,0
1,9,4,0,6,0.003939811,0,0.583881638,0.412178552,0
1,10,4,0,5,0,0.210845969,0.789154031,0,0
1,11,4,0,4,0,0.02036454,0,0.97963546,0
1,12,4,0,7,0.001590944,0.364117246,0.63429181,0,0
1,13,4,0,12,0.017897414,0.017761658,0.551855492,0.412485437,0
1,14,4,0,5,0.033064168,0.053674676,0.249602804,0.663658351,0
1,15,4,0,7,0.0177609,0.081047513,0.111239913,0.789951674,0
1,16,4,0,4,0.010753236,0.20091394,0.788332824,0,0
1,17,4,0,13,0.011260833,0.069927874,0.414907592,0.5039037,0
1,18,4,0,5,0.007591087,0.348171743,0.644237171,0,0
1,19,4,0,7,0,0.111716437,0.687901004,0.200382558,0
1,20,4,0,5,0,0.142078659,0.857921341,0,0
1,21,4,0,11,0.004742534,0.009275722,0.45681516,0.529166584,0
1,22,4,0,7,0.01986,0.05032428,0.41975712,0.5100586,0
1,23,4,0,12,0.00387043,0.203701899,0.509007546,0.283420125,0
1,24,4,0,12,0.018647411,0.097599817,0.443924836,0.439827935,0
1,25,4,0,17,0.005218721,0.167792803,0.383204374,0.443784102,0
1,26,4,0,11,0.008220764,0.051013122,0.5750989,0.365667213,0
1,27,4,0,13,0.006980784,0.241228629,0.217165791,0.534624796,0
1,28,4,0,12,0.001242841,0.090196819,0.90856034,0,0
1,29,4,0,15,0.000826592,0.175727681,0.823445726,0,0
1,30,4,0,11,0.00572588,0.19916011,0.79511401,0,0
1,31,4,0,6,0,0.339145394,0.660854606,0,0
1,32,4,0,11,0.007316367,0.110779504,0.881904129,0,0
1,33,4,0,25,0.002887233,0.261787821,0.349915955,0.38540899,0
1,34,4,0,36,0.014516465,0.208686273,0.670493442,0.10630382,0
1,35,4,0,26,0.000500009,0.174967031,0.82453296,0,0
1,36,4,0,26,0.002146222,0.034668595,0.963185183,0,0
1,37,4,0,20,0.001390538,0.176178083,0.655570816,0.166860563,0
1,38,4,0,30,0.085873992,0.10946174,0.543447008,0.26121726,0
1,39,4,0,31,0.002101213,0.347323623,0.650575164,0,0
1,40,4,0,41,0.002970783,0.167341107,0.82968811,0,0
1,41,4,0,35,0.015110073,0.191095303,0.793794623,0,0
1,42,4,0,35,0.000669021,0.134073162,0.754764714,0.110493103,0
1,1,5,0,81,0.250657033,0.206776057,0.542566909,0,0
1,2,5,0,51,0.126249259,0.657080782,0.216669959,0,0
1,3,5,0,38,0.241922856,0.121457279,0,0.636619865,0
1,4,5,0,26,0.064088016,0.179332423,0.262782245,0.493797315,0
1,5,5,0,15,0.00362964,0.122485236,0.571911986,0.301973138,0
1,6,5,0,18,0.234909173,0.649260973,0.115829854,0,0
1,7,5,0,16,0.009082063,0.454547378,0.239708641,0.296661919,0
1,8,5,0,29,0.460327162,0.470861046,0.068811792,0,0
1,9,5,0,11,0,0.663507167,0.336492833,0,0
1,10,5,0,15,0.172346078,0.370567171,0.457086751,0,0
1,11,5,0,18,0.010918042,0.83004151,0.159040448,0,0
1,12,5,0,22,0.060048955,0.226259576,0.431898513,0.281792957,0
1,13,5,0,22,0.111717008,0.382647476,0.505635516,0,0
1,14,5,0,16,0.294255647,0.187780682,0.51796367,0,0
1,15,5,0,24,0.18065538,0.336117628,0.483226992,0,0
1,16,5,0,16,0.200341332,0.799658668,0,0,0
1,17,5,0,10,0.246373034,0.753626966,0,0,0
1,18,5,0,13,0.196567863,0.613913445,0.189518692,0,0
1,19,5,0,27,0.331805857,0.668194143,0,0,0
1,20,5,0,18,0.071294513,0.601027313,0,0.327678175,0
1,21,5,0,31,0.078542472,0.474874153,0.446583375,0,0
1,22,5,0,10,0.065468682,0.102173329,0.832357989,0,0
1,23,5,0,17,0.091586674,0.773063376,0.13534995,0,0
1,24,5,0,21,0.056448477,0.513429943,0.095976436,0.334145144,0
1,25,5,0,20,0.020541983,0.510127919,0.090820793,0.378509306,0
1,26,5,0,45,0.853081224,0,0.146918776,0,0
1,27,5,0,34,0.067054566,0.932945434,0,0,0
1,28,5,0,30,0.211862146,0.788137854,0,0,0
1,29,5,0,28,0.064182177,0.935817823,0,0,0
1,30,5,0,26,0.15309768,0.706666106,0.140236214,0,0
1,31,5,0,21,0.176878495,0.350428473,0.472693032,0,0
1,32,5,0,35,0.095055767,0.066529518,0.838414715,0,0
1,33,5,0,41,1,0,0,0,0
1,34,5,0,47,0.323261224,0.676738776,0,0,0
1,35,5,0,28,0.062551019,0.596370305,0.341078676,0,0
1,36,5,0,60,0.998515037,0.001484963,0,0,0
1,37,5,0,53,0.71972575,0.28027425,0,0,0
1,38,5,0,51,0.056267576,0.943732424,0,0,0
1,39,5,0,52,0.832378689,0.167621311,0,0,0
1,40,5,0,40,0.077883003,0.922116997,0,0,0
1,41,5,0,36,0.230356679,0.53915367,0.23048965,0,0
1,42,5,0,28,0.159215026,0.315933914,0.524851059,0,0
1,1,6,0,91,0.032033043,0.95333377,0.014633187,0,0
1,2,6,0,97,0.026743325,0.72511869,0.248137985,0,0
1,3,6,0,60,0.015518939,0.758248539,0.226232521,0,0
1,4,6,0,47,0.008207151,0.861316113,0.130476736,0,0
1,5,6,0,48,0.059893634,0.940106366,0,0,0
1,6,6,0,37,0.001154482,0.998845518,0,0,0
1,7,6,0,51,0.041504941,0.886153113,0.072341945,0,0
1,8,6,0,55,0.294561247,0.705438753,0,0,0
1,9,6,0,49,0.073572814,0.878488911,0.047938275,0,0
1,10,6,0,41,0.007199652,0.992800348,0,0,0
1,11,6,0,45,0.096597556,0.607829258,0,0.295573185,0
1,12,6,0,49,0.5045026,0.4954974,0,0,0
1,13,6,0,62,0.227300905,0.772699095,0,0,0
1,14,6,0,42,0.260251504,0.739748496,0,0,0
1,15,6,0,56,0.180927543,0.819072457,0,0,0
1,16,6,0,39,0.005433486,0.994566514,0,0,0
1,17,6,0,54,0.0193601,0.9806399,0,0,0
1,18,6,0,46,0.031946891,0.774800163,0.193252947,0,0
1,19,6,0,38,0.015858944,0.984141056,0,0,0
1,20,6,0,45,0.070723218,0.72306304,0.206213742,0,0
1,21,6,0,49,0.126412578,0.873587422,0,0,0
1,22,6,0,41,0.092996487,0.907003513,0,0,0
1,23,6,0,41,0.00933961,0.930020604,0.060639786,0,0
1,24,6,0,53,0.054159196,0.945840804,0,0,0
1,25,6,0,51,0.05018745,0.94981255,0,0,0
1,26,6,0,51,0.143369277,0.856630723,0,0,0
1,27,6,0,52,0.018775663,0.981224337,0,0,0
1,28,6,0,43,0.014395241,0.985604759,0,0,0
1,29,6,0,57,0.101543932,0.898456068,0,0,0
1,30,6,0,54,0.023029568,0.976970432,0,0,0
1,31,6,0,50,0.007800527,0.992199473,0,0,0
1,32,6,0,66,0.13745701,0.86254299,0,0,0
1,33,6,0,66,0.169709644,0.830290356,0,0,0
1,34,6,0,63,0.13804114,0.86195886,0,0,0
1,35,6,0,61,0.267972732,0.732027268,0,0,0
1,36,6,0,68,0.302224413,0.697775587,0,0,0
1,37,6,0,68,0.039503148,0.960496852,0,0,0
1,38,6,0,59,0.016441066,0.983558934,0,0,0
1,39,6,0,66,0.014563595,0.960466327,0.024970078,0,0
1,40,6,0,50,0.581773468,0.418226532,0,0,0
1,41,6,0,58,0.218095128,0.76116501,0.020739862,0,0
1,42,6,0,65,0.622870122,0.377129878,0,0,0
1,1,7,0,86,0.001538021,0.345522488,0.566151441,0.086788051,0
1,2,7,0,100,0.023230286,0.187614568,0.615071468,0.174083678,0
1,3,7,0,33,0.005721156,0.173316542,0.718836486,0.102125816,0
1,4,7,0,44,0,0.546466927,0.396646809,0.056886264,0
1,5,7,0,34,0.032208039,0.37969516,0.489129384,0.098967417,0
1,6,7,0,40,0.001334466,0.610578868,0.28567438,0.102412286,0
1,7,7,0,39,0.021047485,0.302973682,0.364591435,0.311387398,0
1,8,7,0,49,0.016829914,0.477963471,0.410577064,0.094629551,0
1,9,7,0,36,0.016899324,0.466617911,0.461520343,0.054962423,0
1,10,7,0,43,0.022879854,0.592192543,0.351169295,0.033758308,0
1,11,7,0,41,0.0324274,0.569464031,0.398108569,0,0
1,12,7,0,35,0.035871274,0.569337165,0.322202165,0.072589396,0
1,13,7,0,32,0.011667679,0.268055909,0.681386761,0.038889651,0
1,14,7,0,21,0.006284836,0.394910018,0.598805146,0,0
1,15,7,0,30,0.008454245,0.559032664,0.393891903,0.038621188,0
1,16,7,0,19,0,0.262087293,0.655370731,0.082541976,0
1,17,7,0,35,0.001968599,0.486452823,0.441293966,0.070284612,0
1,18,7,0,27,0,0.445210018,0.554789982,0,0
1,19,7,0,34,0,0.739773463,0.260226537,0,0
1,20,7,0,42,0,0.645640093,0.354359907,0,0
1,21,7,0,41,0.002793507,0.736463497,0.260742996,0,0
1,22,7,0,44,0,0.596016391,0.403983609,0,0
1,23,7,0,28,0,0.405156634,0.594843366,0,0
1,24,7,0,34,0,0.562710295,0.437289705,0,0
1,25,7,0,36,0,0.227071487,0.772928513,0,0
1,26,7,0,31,0,0.053307882,0.946692118,0,0
1,27,7,0,39,0,0.131113123,0.831796997,0.037089881,0
1,28,7,0,38,0.000672381,0.06474621,0.934581409,0,0
1,29,7,0,48,0.000212182,0.079921617,0.919866201,0,0
1,30,7,0,38,0.006730542,0.069859472,0.923409987,0,0
1,31,7,0,61,0.001186397,0.202501725,0.796311879,0,0
1,32,7,0,48,0.003423693,0.338059857,0.65851645,0,0
1,33,7,0,49,0.01137204,0.430973363,0.557654597,0,0
1,34,7,0,44,0.095601207,0.417354958,0.487043835,0,0
1,35,7,0,61,0.052539401,0.730881839,0.216578759,0,0
1,36,7,0,67,0.015168926,0.916053116,0.068777958,0,0
1,37,7,0,57,0.029267129,0.912728256,0.058004615,0,0
1,38,7,0,38,0.001744777,0.761961004,0.236294219,0,0
1,39,7,0,52,0.002422588,0.815264019,0.182313393,0,0
1,40,7,0,43,0.00624057,0.94072912,0.05303031,0,0
1,41,7,0,42,0,0.853259221,0.146740779,0,0
1,42,7,0,61,0.000901778,0.825562724,0.173535498,0,0
1,1,8,0,63,0.003476171,0.333042888,0.58714581,0.076335131,0
1,2,8,0,75,0.004369898,0.302187072,0.41929184,0.274151191,0
1,3,8,0,32,0.000410687,0.213858673,0.612111983,0.173618658,0
1,4,8,0,34,0.001253621,0.16835438,0.75239848,0.07799352,0
1,5,8,0,25,0.008535617,0.612250454,0.379213929,0,0
1,6,8,0,26,0.000893815,0.339732466,0.580495653,0.078878066,0
1,7,8,0,25,0.000393338,0.265926019,0.648769772,0.084910871,0
1,8,8,0,24,0.008739507,0.388206675,0.603053818,0,0
1,9,8,0,25,0.022146979,0.35108048,0.626772541,0,0
1,10,8,0,2.30E+01,2.36E-05,0.358257539,0.641718874,0,0
1,11,8,0,22,0.000695918,0.263804901,0.472450713,0.263048468,0
1,12,8,0,22,0.002006994,0.187008683,0.6097557,0.201228622,0
1,13,8,0,25,0.007338087,0.435422157,0.557239755,0,0
1,14,8,0,21,0.008908422,0.306071941,0.431089084,0.253930553,0
1,15,8,0,23,0.007903184,0.648247399,0.343849417,0,0
1,16,8,0,25,0,0.294287577,0.705712423,0,0
1,17,8,0,24,0.001811725,0.541469467,0.236935559,0.219783249,0
1,18,8,0,33,0.000777732,0.404693706,0.594528562,0,0
1,19,8,0,31,0.003775156,0.150962127,0.597897605,0.247365112,0
1,20,8,0,30,0.000702529,0.304101711,0.69519576,0,0
1,21,8,0,35,0.000620916,0.215513039,0.783866045,0,0
1,22,8,0,29,0.002723721,0.219297548,0.777978731,0,0
1,23,8,0,31,0.002498488,0.220507921,0.504034345,0.272959245,0
1,24,8,0,34,0,0.172713565,0.603118266,0.224168169,0
1,25,8,0,35,0.003278286,0.278486172,0.58768773,0.130547812,0
1,26,8,0,29,0.000122005,0.126636084,0.718317798,0.154924113,0
1,27,8,0,29,0.001648827,0.142705131,0.746409346,0.109236696,0
1,28,8,0,29,0.000499804,0.218914314,0.477719579,0.302866302,0
1,29,8,0,36,0,0.13514176,0.653841841,0.211016399,0
1,30,8,0,32,0.003142233,0.229330074,0.767527693,0,0
1,31,8,0,39,0.003250592,0.245369759,0.751379649,0,0
1,32,8,0,41,0.004495472,0.318180558,0.67732397,0,0
1,33,8,0,31,0.001961087,0.274603621,0.723435292,0,0
1,34,8,0,32,0.01061301,0.203825184,0.785561806,0,0
1,35,8,0,35,0.013655264,0.301954038,0.684390698,0,0
1,36,8,0,33,0.000272519,0.29175603,0.625447272,0.082524179,0
1,37,8,0,24,0,0.118331431,0.679237169,0.2024314,0
1,38,8,0,25,0.00042262,0.286220669,0.713356711,0,0
1,39,8,0,31,0.003194258,0.12290964,0.658337569,0.215558533,0
1,40,8,0,16,0.001196038,0.045996137,0.441065882,0.511741942,0
1,41,8,0,18,0.005286377,0.088682123,0.9060315,0,0
1,42,8,0,22,0.007479329,0.222670468,0.537301971,0.232548232,0
1,1,9,0,91,0.000386357,0.014957898,0.241281244,0.743374501,0
1,2,9,0,87,0.002244064,0.088819083,0.116574911,0.737255143,0.055106799
1,3,9,0,57,0.000572283,0.161875166,0.311207306,0.526345244,0
1,4,9,0,43,0.003332907,0.08505597,0.172361429,0.307547943,0.431701751
1,5,9,0,40,0.022365103,0.143935993,0.59071681,0.242982094,0
1,6,9,0,44,0.002955761,0.173138044,0.174023282,0.401444001,0.248438911
1,7,9,0,49,0.004838823,0.11707307,0.079893058,0.798195049,0
1,8,9,0,40,0.000575144,0.169601317,0.200752969,0.484069111,0.14500146
1,9,9,0,38,0.000916631,0.173374866,0.251567909,0.409217295,0.1649233
1,10,9,0,48,0.005096295,0.11073472,0.490871186,0.32757398,0.065723819
1,11,9,0,35,0.016376294,0.337559498,0.437258467,0.208805741,0
1,12,9,0,47,0.004625473,0.273457123,0.190429551,0.065835214,0.46565264
1,13,9,0,44,0.000231235,0.085665362,0.084526937,0.472257981,0.357318484
1,14,9,0,52,0.001424065,0.282985721,0.242052379,0.473537835,0
1,15,9,0,41,0.001459353,0.241641312,0.093995725,0.448435632,0.214467977
1,16,9,0,42,0,0.240010484,0.173482086,0.58650743,0
1,17,9,0,47,0.006046735,0.385971502,0.409581151,0.198400613,0
1,18,9,0,43,0.001946169,0.272470532,0.370178684,0.185373962,0.170030654
1,19,9,0,40,0,0.236536633,0.606343401,0.157119966,0
1,20,9,0,45,0,0.138848575,0.601886163,0.259265262,0
1,21,9,0,48,0,0.19450016,0.516428358,0.289071482,0
1,22,9,0,52,0.000987954,0.183632025,0.544321792,0.27105823,0
1,23,9,0,42,0,0.089553941,0.296057284,0.614388775,0
1,24,9,0,50,0,0.311626476,0.550034206,0.138339318,0
1,25,9,0,54,0.000326208,0.130016855,0.305176293,0.504849443,0.0596312
1,26,9,0,43,0,0.071807424,0.359582909,0.510395429,0.058214239
1,27,9,0,46,0.00105522,0.169694696,0.403222473,0.426027611,0
1,28,9,0,52,0.000563876,0.144136949,0.362261907,0.493037269,0
1,29,9,0,44,0.002579913,0.339508102,0.401911879,0.256000107,0
1,30,9,0,52,0.000410512,0.20491376,0.341732533,0.452943195,0
1,31,9,0,53,0,0.118827008,0.613416777,0.267756214,0
1,32,9,0,54,0,0.351881779,0.597238551,0.05087967,0
1,33,9,0,62,0.00038886,0.309020515,0.278046045,0.41254458,0
1,34,9,0,50,0.009304289,0.771693152,0.11859011,0.100412449,0
1,35,9,0,61,0.00522571,0.762936194,0.04741626,0.184421836,0
1,36,9,0,56,0.00901405,0.450857792,0.185918765,0.354209393,0
1,37,9,0,55,0.000521839,0.888034932,0.111443228,0,0
1,38,9,0,50,0.000422838,0.432255337,0.567321825,0,0
1,39,9,0,50,0.00246247,0.313790683,0.683746847,0,0
1,40,9,0,35,0.002658828,0.119867873,0.780143409,0.09732989,0
1,41,9,0,49,0.003287785,0.227113838,0.415902369,0.353696008,0
1,42,9,0,56,0.015261436,0.690624238,0.18124591,0.112868416,0
1,1,10,0,74,0.000662513,0.567963971,0.338656931,0.092716585,0
1,2,10,0,73,0.001990388,0.326856253,0.430802412,0.166333826,0.074017121
1,3,10,0,51,0.001801543,0.33472553,0.646585795,0.016887132,0
1,4,10,0,31,0.000308271,0.50389192,0.495799809,0,0
1,5,10,0,36,0,0.252497092,0.655431425,0.092071483,0
1,6,10,0,29,0.000250486,0.438377123,0.561372391,0,0
1,7,10,0,2.70E+01,7.29E-05,0.239075636,0.76085151,0,0
1,8,10,0,25,0.000185572,0.395018598,0.256371983,0.348423847,0
1,9,10,0,16,0,0.181863906,0.818136094,0,0
1,10,10,0,17,0,0.075436996,0.924563004,0,0
1,11,10,0,1.20E+01,1.69E-05,0.111603668,0.620909614,0.267469798,0
1,12,10,0,26,0.000148376,0.228683982,0.771167642,0,0
1,13,10,0,34,0.000329658,0.073189581,0.926480761,0,0
1,14,10,0,25,0.000199988,0.48959644,0.510203571,0,0
1,15,10,0,1.70E+01,5.72E-05,0.070996781,0.793683729,0.135262307,0
1,16,10,0,20,0,0.585288839,0.414711161,0,0
1,17,10,0,35,0.001641584,0.528590163,0.469768252,0,0
1,18,10,0,23,0.00044491,0.430060112,0.569494977,0,0
1,19,10,0,21,0.002083001,0.120719688,0.877197312,0,0
1,20,10,0,29,0,0.597290573,0.402709427,0,0
1,21,10,0,35,0.000696353,0.293893165,0.599445666,0.105964816,0
1,22,10,0,34,0.00135648,0.284940416,0.713703103,0,0
1,23,10,0,28,0.000189543,0.230075758,0.659947757,0.109786942,0
1,24,10,0,2.70E+01,7.55E-05,0.360869237,0.496209723,0.142845525,0
1,25,10,0,28,0.000339076,0.312994868,0.686666056,0,0
1,26,10,0,27,0,0.15745368,0.420240979,0.422305342,0
1,27,10,0,2.70E+01,4.85E-05,0.223772538,0.657323162,0.118855756,0
1,28,10,0,33,0.00419702,0.225639796,0.700592579,0.069570605,0
1,29,10,0,43,0.000261301,0.678428228,0.321310471,0,0
1,30,10,0,37,0,0.347739939,0.652260061,0,0
1,31,10,0,33,0,0.078003621,0.921996379,0,0
1,32,10,0,40,0,0.264386981,0.735613019,0,0
1,33,10,0,3.80E+01,6.74E-05,0.113179658,0.779105294,0.107647681,0
1,34,10,0,28,0.00054472,0.275156773,0.724298507,0,0
1,35,10,0,29,0.00036706,0.1990816,0.80055134,0,0
1,36,10,0,38,0.000569658,0.124242852,0.821336553,0.053850938,0
1,37,10,0,24,0,0.112870456,0.887129544,0,0
1,38,10,0,21,0.000472034,0.016012143,0.824884537,0.158631286,0
1,39,10,0,28,0.000165797,0.162914971,0.836919231,0,0
1,40,10,0,13,0.008608118,0.12138459,0.870007292,0,0
1,41,10,0,16,0.01022569,0.370911117,0.618863193,0,0
1,42,10,0,31,0.002665061,0.84649695,0.150837989,0,0
2,1,1,0,58,0.007992044,0.29176103,0.522067476,0.17817945,0
2,2,1,0,83,0.012438407,0.248007105,0.531645609,0.20790888,0
2,3,1,0,63,0.00233293,0.250715005,0.475258336,0.271693728,0
2,4,1,0,56,0.042938127,0.154713739,0.479655445,0.322692689,0
2,5,1,0,55,0.010746242,0.185358081,0.415649089,0.388246588,0
2,6,1,0,45,0.010416506,0.129443505,0.556038353,0.304101636,0
2,7,1,0,46,0.0153393,0.073751482,0.735772424,0.175136794,0
2,8,1,0,56,0.010666315,0.204536836,0.59273317,0.192063679,0
2,9,1,0,51,0.021398258,0.098317247,0.516031837,0.364252658,0
2,10,1,0,44,0.008448197,0.222191401,0.562348248,0.207012154,0
2,11,1,0,49,0.022036976,0.343908102,0.435056127,0.198998795,0
2,12,1,0,50,0.020226878,0.232241451,0.633591094,0.113940577,0
2,13,1,0,48,0.006036657,0.307933853,0.68602949,0,0
2,14,1,0,52,0.025175421,0.212065834,0.709920662,0.052838082,0
2,15,1,0,31,0.013525014,0.361627057,0.624847929,0,0
2,16,1,0,38,0.003907907,0.320171825,0.269746467,0.406173801,0
2,17,1,0,26,0.01928602,0.224935353,0.755778627,0,0
2,18,1,0,33,0.005790727,0.627543212,0.366666061,0,0
2,19,1,0,31,0.006482683,0.217204308,0.776313008,0,0
2,20,1,0,38,0.013325619,0.251078656,0.570326829,0.165268896,0
2,21,1,0,30,0.009742017,0.337671906,0.502548408,0.150037669,0
2,22,1,0,35,0.008060683,0.436477434,0.555461883,0,0
2,23,1,0,35,0.011755273,0.393195859,0.518056777,0.076992091,0
2,24,1,0,26,0.009339288,0.370195329,0.497351703,0.12311368,0
2,25,1,0,32,0.001504361,0.382576437,0.615919202,0,0
2,26,1,0,26,0.010329149,0.272926435,0.716744416,0,0
2,27,1,0,37,0.060932529,0.33278269,0.606284781,0,0
2,28,1,0,35,0.014460818,0.364215448,0.293978869,0.327344866,0
2,29,1,0,33,0.00255617,0.515965251,0.481478579,0,0
2,30,1,0,45,0.022301236,0.557170578,0.420528186,0,0
2,31,1,0,34,0.00723286,0.593657277,0.399109862,0,0
2,32,1,0,36,0.072594947,0.403404008,0.524001045,0,0
2,33,1,0,42,0.014861534,0.365160833,0.619977633,0,0
2,34,1,0,34,0.011838157,0.349193403,0.63896844,0,0
2,35,1,0,35,0.033917905,0.572948536,0.393133559,0,0
2,36,1,0,28,0.013390908,0.986609092,0,0,0
2,37,1,0,22,0.054107132,0.880837509,0.06505536,0,0
2,38,1,0,32,0.064573085,0.521343227,0.414083688,0,0
2,39,1,0,27,0.005789747,0.798147164,0.196063089,0,0
2,40,1,0,39,0.015738449,0.77582464,0.208436911,0,0
2,41,1,0,20,0.022506365,0.110002147,0.867491487,0,0
2,42,1,0,30,0.051437326,0.948562674,0,0,0
2,1,2,0,16,0,0.036871562,0.460738392,0.502390046,0
2,2,2,0,20,0.006454995,0,0.660703169,0.332841836,0
2,3,2,0,34,0,0.004886913,0.400211193,0.594901893,0
2,4,2,0,15,0,0.003341525,0.030339614,0.966318861,0
2,5,2,0,4,0,0,0.109499876,0.890500124,0
2,6,2,0,7,0,0,0.305767319,0.694232681,0
2,7,2,0,18,0,0.055261306,0.672210082,0.272528612,0
2,8,2,0,22,0.000743356,0.043888992,0.955367652,0,0
2,9,2,0,21,0.002790352,0,0.966546785,0.030662864,0
2,10,2,0,11,0,0.066054754,0.745702462,0.188242784,0
2,11,2,0,7,0.001439885,0.097912167,0.463762899,0.436885049,0
2,12,2,0,19,0,0.261753137,0.341075108,0.397171755,0
2,13,2,0,32,0.000353128,0.018429121,0.067260475,0.883592432,0.030364843
2,14,2,0,34,0.003049045,0.127062802,0.151238404,0.71864975,0
2,15,2,0,27,0.000153518,0.435320758,0.205810673,0.358715051,0
2,16,2,0,42,0.000210899,0.005125857,0.279421453,0.715241791,0
2,17,2,0,3.40E+01,1.22E-05,0.041053114,0.2896528,0.669281888,0
2,18,2,0,28,0,0.045224838,0.208092646,0.746682516,0
2,19,2,0,26,0,0.270390745,0.666389542,0.063219712,0
2,20,2,0,32,0.000450653,0.0233696,0.597778003,0.378401744,0
2,21,2,0,37,0,0.117382017,0.398501561,0.484116421,0
2,22,2,0,38,0.001400117,0.055573573,0.203111899,0.739914411,0
2,23,2,0,41,0.007383503,0.213764157,0.300047998,0.478804342,0
2,24,2,0,33,0,0.021869879,0.723370873,0.254759248,0
2,25,2,0,45,0.405103912,0.010297813,0.452135968,0.132462306,0
2,26,2,0,28,0.002038043,0.14565642,0.383491848,0.468813689,0
2,27,2,0,47,0.005145074,0.449371626,0.150598853,0.394884447,0
2,28,2,0,22,0.020363346,0.181123977,0.683819126,0.114693552,0
2,29,2,0,40,0.032368062,0.079477494,0.461166195,0.426988249,0
2,30,2,0,28,0.001496166,0.102612057,0.6108098,0.285081977,0
2,31,2,0,32,0.027095264,0,0.50340071,0.469504026,0
2,32,2,0,40,0.000207204,0.029733743,0.667576061,0.302482992,0
2,33,2,0,43,0,0.841877166,0.059488776,0.098634058,0
2,34,2,0,46,0,0.382203683,0.60325689,0.014539427,0
2,35,2,0,60,0.008173459,0.000263393,0.987364029,0.00419912,0
2,36,2,0,49,0,0.870477853,0.102775435,0.026746712,0
2,37,2,0,32,0,0.029534549,0.947324428,0.023141023,0
2,38,2,0,30,0,0.029880225,0.631108776,0.339010999,0
2,39,2,0,29,0,0.009400015,0.410540746,0.58005924,0
2,40,2,0,31,0.006982343,0.017473057,0.472139418,0.503405182,0
2,41,2,0,14,0.002982341,0,0.53226564,0.46475202,0
2,42,2,0,19,0.007733435,0,0.992266565,0,0
2,2,3,0,3,0,0,1,0,0
2,3,3,0,3,0,0,0.154344874,0.845655126,0
2,4,3,0,7,0,0,0,1,0
2,5,3,0,1,0,1,0,0,0
2,6,3,0,14,0,0.086550245,0.913449755,0,0
2,8,3,0,10,0,0.632710088,0.367289912,0,0
2,9,3,0,6,0,0.159919897,0.840080103,0,0
2,10,3,0,2,0,0,0.391197462,0.608802538,0
2,12,3,0,1,0,0,0,1,0
2,14,3,0,9,0,1,0,0,0
2,15,3,0,5,0,0.221180265,0,0.778819735,0
2,16,3,0,9,0,0,0.74039425,0.25960575,0
2,17,3,0,9,0,0.032493649,0.300407494,0.667098857,0
2,18,3,0,13,0,0.772705708,0.227294292,0,0
2,19,3,0,14,0,0.614082976,0.385917024,0,0
2,20,3,0,19,0,0.926217021,0.038899909,0.03488307,0
2,21,3,0,20,0,0.600787193,0.399212807,0,0
2,22,3,0,23,0,0.746721394,0.188891992,0.064386615,0
2,23,3,0,26,0,0.936526877,0.063473123,0,0
2,24,3,0,28,0,0.957869841,0.042130159,0,0
2,25,3,0,20,0,0.321427419,0.678572581,0,0
2,26,3,0,7,0,1,0,0,0
2,27,3,0,5,0,1,0,0,0
2,29,3,0,6,0,1,0,0,0
2,30,3,0,14,0,0.607047558,0.392952442,0,0
2,31,3,0,7,0,0.074104025,0.925895975,0,0
2,32,3,0,20,0,0.301780348,0.698219652,0,0
2,33,3,0,18,0,0.341915911,0.658084089,0,0
2,34,3,0,15,0,0.109173775,0.890826225,0,0
2,35,3,0,28,0,0.863762175,0.136237825,0,0
2,36,3,0,25,0,0.526036634,0.473963366,0,0
2,37,3,0,19,0,0.241882009,0.758117991,0,0
2,38,3,0,33,0,0.828571429,0.171428571,0,0
2,39,3,0,32,0,0.073386819,0.926613181,0,0
2,40,3,0,34,0,0.800190268,0.199809732,0,0
2,41,3,0,20,0,0.213324592,0.758149635,0.028525772,0
2,42,3,0,27,0,0.424419089,0.575580911,0,0
2,1,4,0,4,0.006644152,0,0.447295786,0.546060062,0
2,2,4,0,11,0.000474769,0,0.039149309,0.473914558,0.486461364
2,3,4,0,6,0,0.237339291,0.762660709,0,0
2,4,4,0,19,0.013839303,0.178740729,0.455386891,0.352033077,0
2,5,4,0,8,0.002226705,0.012468922,0.147880408,0.232332567,0.605091398
2,6,4,0,6,0,0.080785331,0.458255232,0,0.460959437
2,7,4,0,4,0,0,0.343424047,0.656575953,0
2,8,4,0,1,0,0,1,0,0
2,9,4,0,6,0,0.099736398,0.557734585,0,0.342529017
2,10,4,0,8,0.012638406,0.008704342,0.865659432,0.11299782,0
2,11,4,0,3,0,0.118986507,0.881013493,0,0
2,12,4,0,1,0,0,1,0,0
2,13,4,0,5,0,0.010956482,0.143951746,0.394408405,0.450683367
2,14,4,0,1,0,1,0,0,0
2,15,4,0,1,0,1,0,0,0
2,16,4,0,4,0,1,0,0,0
2,17,4,0,6,0.006213896,0.079154296,0.174142521,0.740489287,0
2,18,4,0,5,0.00764362,0.247401169,0.744955211,0,0
2,19,4,0,4,0,0.099897013,0.900102987,0,0
2,20,4,0,2,0,0.167131694,0,0.832868306,0
2,21,4,0,4,0.216288794,0.783711206,0,0,0
2,22,4,0,6,0.023250432,0.262252454,0.344146591,0.370350522,0
2,23,4,0,6,0.028856118,0.067775073,0.234369089,0.66899972,0
2,24,4,0,9,0.080678659,0.919321341,0,0,0
2,25,4,0,4,0,0.498465896,0.501534104,0,0
2,26,4,0,5,0.01095941,0.021095325,0.967945265,0,0
2,27,4,0,3,0,1,0,0,0
2,28,4,0,7,0,0.101510661,0.898489339,0,0
2,29,4,0,6,0,0.129959908,0.188805239,0.681234853,0
2,30,4,0,5,0.014048514,0.318798378,0.667153108,0,0
2,31,4,0,2,0.159592724,0.840407276,0,0,0
2,32,4,0,9,0.023792946,0.390685176,0.585521878,0,0
2,33,4,0,7,0.016241424,0.107334754,0.07427003,0.802153791,0
2,34,4,0,11,0.003463127,0.426324695,0.570212178,0,0
2,35,4,0,16,0.008345989,0.253479818,0.508482999,0.229691194,0
2,36,4,0,17,0.004413017,0.221796024,0.360401082,0.413389877,0
2,37,4,0,20,0.005517447,0.154066544,0.656753612,0.183662397,0
2,38,4,0,10,0.015158973,0.068408065,0.916432962,0,0
2,39,4,0,47,0.013648031,0.661872724,0.173178867,0.151300378,0
2,40,4,0,24,0.004559261,0.599800384,0.395640355,0,0
2,41,4,0,26,0,0.149086875,0.825668788,0.025244337,0
2,42,4,0,24,0.006383825,0.255123491,0.268569815,0.469922869,0
2,1,5,0,47,0.000370842,0.13756828,0.632717268,0.22934361,0
2,2,5,0,69,0.034960607,0.091890027,0.524043987,0.273297571,0.075807808
2,3,5,0,48,0.008214894,0.257164394,0.335082645,0.399538067,0
2,4,5,0,42,0.012253226,0.189073777,0.389670213,0.409002784,0
2,5,5,0,35,0.002638363,0.095725958,0.419906608,0.280994144,0.200734927
2,6,5,0,40,0.001984826,0.069880848,0.458020399,0.414563771,0.055550156
2,7,5,0,35,0.003578028,0.086816126,0.321325925,0.58827992,0
2,8,5,0,35,0,0.143865501,0.012485885,0.655163284,0.18848533
2,9,5,0,25,0.005086477,0.164872978,0.406611374,0.423429171,0
2,10,5,0,21,0,0.166466137,0.280154131,0.408545235,0.144834496
2,11,5,0,25,0.018829692,0.169026301,0.6072413,0.204902707,0
2,12,5,0,26,0.002750817,0.226536545,0.527621427,0,0.243091211
2,13,5,0,22,0.002396966,0.065256283,0.626475264,0.305871487,0
2,14,5,0,20,0,0.230844291,0.499247454,0.269908254,0
2,15,5,0,21,0,0.130855546,0.425116857,0.444027598,0
2,16,5,0,19,0.016394783,0.234621472,0.748983745,0,0
2,17,5,0,18,0.020140172,0.219050206,0.760809622,0,0
2,18,5,0,12,0.015793728,0.108205676,0.259888247,0.616112349,0
2,19,5,0,21,0.001305926,0.218043039,0.780651035,0,0
2,20,5,0,27,0,0.354818116,0.321592145,0.323589739,0
2,21,5,0,24,0.001965929,0.322974718,0.405085593,0.26997376,0
2,22,5,0,28,0.022424152,0.153445059,0.328365161,0.495765629,0
2,23,5,0,17,0.012120726,0.498386987,0.0695045,0.419987787,0
2,24,5,0,32,0.109216619,0.266524095,0.312982995,0.311276291,0
2,25,5,0,27,0.017562228,0.593733122,0.388704649,0,0
2,26,5,0,25,0.003594318,0.439533013,0.34366461,0.213208059,0
2,27,5,0,36,0.483998023,0.065562428,0.235767451,0.214672098,0
2,28,5,0,40,0.067907645,0.534365305,0.39772705,0,0
2,29,5,0,35,0.062118977,0.433463157,0.019782304,0.484635562,0
2,30,5,0,40,0.010915462,0.766033163,0.223051376,0,0
2,31,5,0,35,0.003370673,0.53203979,0.464589537,0,0
2,32,5,0,34,0,0.364470602,0.635529398,0,0
2,33,5,0,44,0.018871096,0.169307982,0.811820922,0,0
2,34,5,0,46,0.639560156,0.038769419,0.321670425,0,0
2,35,5,0,42,0.328269956,0.616893855,0.054836189,0,0
2,36,5,0,40,0.174798014,0.616299988,0.208901998,0,0
2,37,5,0,50,0.984702871,0.015297129,0,0,0
2,38,5,0,56,0.07030568,0.92969432,0,0,0
2,39,5,0,51,0.522606288,0.477393712,0,0,0
2,40,5,0,58,0.333687017,0.603489736,0.062823247,0,0
2,41,5,0,32,0.084767749,0.687777528,0.227454722,0,0
2,42,5,0,49,0.054212495,0.603376507,0.342410998,0,0
2,1,6,0,26,0.022353984,0.977646016,0,0,0
2,2,6,0,43,0.041758184,0.462948436,0.495293379,0,0
2,3,6,0,36,0.033882314,0.914904527,0.051213159,0,0
2,4,6,0,36,0.029724112,0.970275888,0,0,0
2,5,6,0,17,0.01789938,0.706386243,0.275714377,0,0
2,6,6,0,32,0.15309691,0.432116675,0.414786416,0,0
2,7,6,0,29,0.035811077,0.964188923,0,0,0
2,8,6,0,28,0.072793556,0.927206444,0,0,0
2,9,6,0,42,0.277332154,0.722667846,0,0,0
2,10,6,0,32,0.021986955,0.752143535,0.225869511,0,0
2,11,6,0,16,0.033028679,0.898581784,0.068389537,0,0
2,12,6,0,21,0.390479732,0.609520268,0,0,0
2,13,6,0,15,0.006605314,0.993394686,0,0,0
2,14,6,0,32,0.110805445,0.889194555,0,0,0
2,15,6,0,20,0.270877239,0.729122761,0,0,0
2,16,6,0,28,0.025569834,0.974430166,0,0,0
2,17,6,0,27,0.00171853,0.99828147,0,0,0
2,18,6,0,24,0.121231728,0.878768272,0,0,0
2,19,6,0,21,0.015275588,0.984724412,0,0,0
2,20,6,0,14,0.033260915,0.966739085,0,0,0
2,21,6,0,18,0.4410665,0.5589335,0,0,0
2,22,6,0,31,0.02498433,0.924633321,0.050382349,0,0
2,23,6,0,35,0.06363427,0.93636573,0,0,0
2,24,6,0,33,0.052260707,0.947739293,0,0,0
2,25,6,0,31,0.066895251,0.933104749,0,0,0
2,26,6,0,22,0.313315274,0.578162117,0.108522609,0,0
2,27,6,0,20,0.357173295,0.642826705,0,0,0
2,28,6,0,18,0.019425009,0.980574991,0,0,0
2,29,6,0,24,0.103301507,0.896698493,0,0,0
2,30,6,0,20,0.19005994,0.80994006,0,0,0
2,31,6,0,23,0.131169912,0.868830088,0,0,0
2,32,6,0,50,0.01762867,0.98237133,0,0,0
2,33,6,0,49,0.8709331,0.1290669,0,0,0
2,34,6,0,57,0.376810772,0.623189228,0,0,0
2,35,6,0,69,0.814594331,0.1422603,0.04314537,0,0
2,36,6,0,67,0.054834212,0.945165788,0,0,0
2,37,6,0,59,0.476944863,0.507558928,0.015496208,0,0
2,38,6,0,64,0.021390374,0.953501919,0.025107706,0,0
2,39,6,0,66,0.118102442,0.867426442,0.014471116,0,0
2,40,6,0,57,0.119667724,0.880332276,0,0,0
2,41,6,0,43,0.475489682,0.524510318,0,0,0
2,42,6,0,64,0.565109746,0.434890254,0,0,0
2,1,7,0,44,0.000630215,0.130533988,0.703996722,0.164839075,0
2,2,7,0,75,0.00267082,0.062729133,0.596144805,0.338455242,0
2,3,7,0,66,0.000272756,0.120237337,0.398507953,0.480981954,0
2,4,7,0,54,0.036699177,0.145979766,0.639192189,0.178128868,0
2,5,7,0,31,0.00626823,0.042062069,0.447912769,0.503756932,0
2,6,7,0,24,0.031234498,0.134585499,0.352071219,0.482108784,0
2,7,7,0,20,0.009732953,0.291751796,0.3216362,0.376879051,0
2,8,7,0,25,0.016661007,0.351538079,0.233440479,0.398360436,0
2,9,7,0,44,0.003777694,0.186418527,0.320772075,0.489031704,0
2,10,7,0,36,0.022208967,0.242628065,0.316964893,0.418198075,0
2,11,7,0,22,0.016764304,0.407409587,0.575826109,0,0
2,12,7,0,21,0.060222916,0.348470213,0.200840216,0.390466655,0
2,13,7,0,26,0.001186343,0.590627117,0.23501722,0.17316932,0
2,14,7,0,35,0.02479595,0.24100118,0.589432749,0.144770121,0
2,15,7,0,21,0.023551332,0.439999667,0.443333548,0.093115453,0
2,16,7,0,30,0.005584102,0.389078777,0.54767393,0.057663191,0
2,17,7,0,40,0.05857501,0.314957104,0.626467886,0,0
2,18,7,0,42,0.00463605,0.301790952,0.693572998,0,0
2,19,7,0,46,0.001096092,0.489446076,0.509457832,0,0
2,20,7,0,37,0.001152059,0.327173918,0.671674023,0,0
2,21,7,0,44,0.003310125,0.379940208,0.550974538,0.065775129,0
2,22,7,0,42,0.003007093,0.357582634,0.639410273,0,0
2,23,7,0,35,0.00134522,0.209592378,0.720953276,0.068109126,0
2,24,7,0,26,0,0.019130179,0.980869821,0,0
2,25,7,0,19,0.005521504,0.515087417,0.479391078,0,0
2,26,7,0,29,0.004255506,0.016518402,0.979226092,0,0
2,27,7,0,10,0,0.034284,0.965716,0,0
2,28,7,0,20,0.005051594,0.00694376,0.988004647,0,0
2,29,7,0,25,0.003340151,0.001549456,0.995110393,0,0
2,30,7,0,18,0.004287086,0,0.995712914,0,0
2,31,7,0,24,0.005869421,0.010244584,0.983885995,0,0
2,32,7,0,21,0.003649435,0.07268495,0.923665615,0,0
2,33,7,0,10,0.006360773,0.021332878,0.972306349,0,0
2,34,7,0,12,0.094273199,0.333825187,0.571901614,0,0
2,35,7,0,29,0.025993143,0.081013867,0.89299299,0,0
2,36,7,0,17,0.11423226,0.463741261,0.422026479,0,0
2,37,7,0,39,0.004969591,0.678463901,0.316566508,0,0
2,38,7,0,9,0.147087017,0.852912983,0,0,0
2,39,7,0,50,0.011573077,0.51789245,0.470534473,0,0
2,40,7,0,15,0.031024463,0.198193777,0.770781759,0,0
2,41,7,0,7,0,0.340449662,0.659550338,0,0
2,42,7,0,9,0,0.180744268,0.819255732,0,0
2,1,8,0,29,0.005953607,0.297412932,0.644218977,0.052414484,0
2,2,8,0,43,0.001147681,0.17026127,0.751872037,0.076719013,0
2,3,8,0,38,0.004811718,0.163500089,0.696259103,0.13542909,0
2,4,8,0,29,0.009779928,0.330064016,0.660156055,0,0
2,5,8,0,31,0.003473676,0.279697064,0.634988606,0.081840655,0
2,6,8,0,33,0.001665357,0.380656735,0.490506006,0.127171903,0
2,7,8,0,26,0.003763269,0.208792063,0.475273711,0.312170957,0
2,8,8,0,24,0.001682427,0.409848474,0.42616335,0.16230575,0
2,9,8,0,28,0.009672075,0.272021045,0.71830688,0,0
2,10,8,0,28,0.00767259,0.873984827,0.118342582,0,0
2,11,8,0,33,0.001479602,0.31768228,0.680838118,0,0
2,12,8,0,30,0.002719872,0.308340941,0.688939186,0,0
2,13,8,0,21,0.004796181,0.625076959,0.370126859,0,0
2,14,8,0,27,0.007314438,0.265208511,0.653441532,0.074035519,0
2,15,8,0,25,0.003814272,0.558081765,0.438103963,0,0
2,16,8,0,23,0.026464032,0.12971168,0.609597721,0.234226568,0
2,17,8,0,20,0.011172439,0.523245343,0.465582217,0,0
2,18,8,0,28,0.024561157,0.457700489,0.517738354,0,0
2,19,8,0,25,0.003293712,0.523582528,0.473123761,0,0
2,20,8,0,19,0.005759872,0.225963862,0.232090467,0.5361858,0
2,21,8,0,27,0.002022285,0.230246933,0.767730782,0,0
2,22,8,0,30,0.006392267,0.131888247,0.861719487,0,0
2,23,8,0,35,0.008590368,0.520122975,0.254152818,0.217133839,0
2,24,8,0,29,0.005033249,0.108718173,0.633206659,0.25304192,0
2,25,8,0,34,0.002080234,0.122500429,0.760023216,0.115396122,0
2,26,8,0,20,0.008792401,0.110176213,0.881031386,0,0
2,27,8,0,22,0.002300263,0.043544888,0.820981402,0.133173448,0
2,28,8,0,19,0.013927019,0.316678186,0.669394795,0,0
2,29,8,0,22,0.004958656,0.154167092,0.840874252,0,0
2,30,8,0,27,0.004755171,0.10388485,0.683424474,0.207935505,0
2,31,8,0,31,0.027407266,0.286330832,0.468886477,0.217375425,0
2,32,8,0,33,0.017028935,0.413828049,0.569143015,0,0
2,33,8,0,36,0.006253577,0.244029801,0.573895651,0.175820971,0
2,34,8,0,30,0.022114926,0.258219505,0.719665569,0,0
2,35,8,0,45,0.010900393,0.339758421,0.649341187,0,0
2,36,8,0,39,0.01081776,0.248881642,0.613929651,0.126370946,0
2,37,8,0,26,0.007291488,0.251368688,0.741339824,0,0
2,38,8,0,35,0.009156005,0.099679661,0.799843454,0.091320881,0
2,39,8,0,26,0.022570471,0.056458465,0.920971064,0,0
2,40,8,0,36,0.011375474,0.150186779,0.642339363,0.196098384,0
2,41,8,0,14,0.017861985,0.031937514,0.761971811,0.18822869,0
2,42,8,0,27,0.002848267,0.076780107,0.556442756,0.363928871,0
2,1,9,0,34,0,0.006788992,0.487033916,0.506177092,0
2,2,9,0,47,0,0.012186618,0.056024359,0.857662363,0.07412666
2,3,9,0,35,0.000371279,0.02233287,0.2668619,0.569121954,0.141311997
2,4,9,0,40,0.002599573,0.129977916,0.145213429,0.63206576,0.090143322
2,5,9,0,52,0.00147736,0.145584767,0.166706081,0.686231792,0
2,6,9,0,53,0.000479051,0.110416824,0.225501506,0.663602619,0
2,7,9,0,45,0.002732177,0.107430344,0.251451614,0.49510041,0.143285455
2,8,9,0,44,0.008397911,0.369379288,0.186302681,0.435920121,0
2,9,9,0,51,0.003822497,0.255532802,0.337462784,0.326716129,0.076465788
2,10,9,0,51,0.00289249,0.158672501,0.377465992,0.237051937,0.22391708
2,11,9,0,51,0.00582646,0.305856633,0.314009775,0.153047317,0.221259816
2,12,9,0,50,0.001940572,0.198681733,0.162361842,0.46765357,0.169362284
2,13,9,0,48,0,0.384678497,0.070954098,0.447718973,0.096648432
2,14,9,0,42,0.000683189,0.225771175,0.227309233,0.461538552,0.08469785
2,15,9,0,42,0,0.418837803,0.227470942,0.353691255,0
2,16,9,0,43,0.004865225,0.387485777,0.310454349,0.297194648,0
2,17,9,0,37,0,0.229528326,0.168104737,0.280163138,0.322203799
2,18,9,0,37,0,0.356916021,0.354031427,0.17891802,0.110134531
2,19,9,0,39,0.002122832,0.306699568,0.467592181,0.223585418,0
2,20,9,0,26,0.000376282,0.291973297,0.561095024,0.146555397,0
2,21,9,0,32,0.001268477,0.075640386,0.559138381,0.363952757,0
2,22,9,0,37,0.000695468,0.101555962,0.67292509,0.224823481,0
2,23,9,0,41,0.000265023,0.131375627,0.538842581,0.329516769,0
2,24,9,0,35,0.001615725,0.287493498,0.275998991,0.434891786,0
2,25,9,0,29,0,0.195939831,0.382918685,0.421141485,0
2,26,9,0,33,0,0.300461664,0.359476346,0.34006199,0
2,27,9,0,32,0.00017638,0.218562371,0.25589733,0.525363919,0
2,28,9,0,31,0.000618809,0.196492636,0.40549095,0.397397605,0
2,29,9,0,35,0.000918328,0.313055991,0.452195401,0.233830279,0
2,30,9,0,37,0,0.374923524,0.468088139,0.156988336,0
2,31,9,0,29,0,0.247022692,0.295202213,0.457775095,0
2,32,9,0,64,0.004859058,0.26613144,0.487090928,0.241918574,0
2,33,9,0,56,0.002276151,0.310541962,0.282269833,0.404912054,0
2,34,9,0,60,0.001459461,0.301690639,0.364949371,0.331900529,0
2,35,9,0,62,0.0029823,0.389855022,0.225746668,0.38141601,0
2,36,9,0,64,0.010669553,0.477965299,0.246276818,0.26508833,0
2,37,9,0,46,0.000720406,0.500084926,0.16876834,0.330426328,0
2,38,9,0,64,0.003963655,0.498198882,0.289635057,0.208202406,0
2,39,9,0,53,0.001911395,0.210541983,0.591913062,0.195633559,0
2,40,9,0,55,0,0.138924374,0.581462264,0.279613362,0
2,41,9,0,41,0,0.097008349,0.511049106,0.391942544,0
2,42,9,0,66,0.009598414,0.206975839,0.612738899,0.170686848,0
2,1,10,0,41,0.002803188,0.261766237,0.580763268,0.154667307,0
2,2,10,0,63,0.002857225,0.189561911,0.732572943,0.075007921,0
2,3,10,0,57,0.002364443,0.382800669,0.513620786,0.101214102,0
2,4,10,0,37,0.00106493,0.186256845,0.812678224,0,0
2,5,10,0,43,0.000719756,0.379093614,0.569099139,0.051087491,0
2,6,10,0,50,0.00151529,0.133720087,0.81960292,0.045161704,0
2,7,10,0,30,0,0.058061321,0.941938679,0,0
2,8,10,0,34,0.003126775,0.13120013,0.865673095,0,0
2,9,10,0,30,0.003385809,0.167790826,0.671069996,0.157753369,0
2,10,10,0,22,0,0.004146089,0.732376645,0.263477266,0
2,11,10,0,26,0.00261601,0.122636758,0.735414615,0.139332617,0
2,12,10,0,29,0.000861384,0.188276614,0.810862003,0,0
2,13,10,0,31,0,0.082725028,0.82030208,0.096972892,0
2,14,10,0,30,0.009660679,0.025746963,0.964592358,0,0
2,15,10,0,35,0.001304417,0.251324332,0.648300275,0.099070976,0
2,16,10,0,23,0.003303676,0.040933858,0.955762466,0,0
2,17,10,0,28,0,0.192721347,0.807278653,0,0
2,18,10,0,27,0.000668901,0.364714796,0.634616303,0,0
2,19,10,0,32,0.001571083,0.111319197,0.88710972,0,0
2,20,10,0,28,0.00184757,0.124359833,0.730119714,0.143672883,0
2,21,10,0,35,0.000763284,0.339615489,0.585224042,0.074397185,0
2,22,10,0,33,0.005895764,0.390715667,0.603388569,0,0
2,23,10,0,41,0.002254217,0.206129753,0.79161603,0,0
2,24,10,0,33,0.00019782,0.169408122,0.740474966,0.089919092,0
2,25,10,0,34,0.011144625,0.174313685,0.81454169,0,0
2,26,10,0,29,0.005070469,0.091019394,0.903910136,0,0
2,27,10,0,22,0.001153581,0.15466762,0.844178798,0,0
2,28,10,0,24,0.000606401,0.288773364,0.372772581,0.337847654,0
2,29,10,0,36,0.008487644,0.17253926,0.818973097,0,0
2,30,10,0,50,0.004352715,0.600832638,0.394814646,0,0
2,31,10,0,37,0.000500116,0.092082312,0.907417572,0,0
2,32,10,0,46,0.006545619,0.077170484,0.916283897,0,0
2,33,10,0,50,0.002302895,0.200707243,0.796989862,0,0
2,34,10,0,46,0.002848868,0.155739447,0.841411685,0,0
2,35,10,0,48,0.011742873,0.108838457,0.87941867,0,0
2,36,10,0,53,0.004893275,0.084213674,0.867197488,0.043695563,0
2,37,10,0,33,0.003281396,0.208346639,0.788371965,0,0
2,38,10,0,41,0.002148786,0.131043796,0.866807418,0,0
2,39,10,0,28,0.002787053,0.03509522,0.895201398,0.066916329,0
2,40,10,0,29,0.003121477,0.03114256,0.860566642,0.105169321,0
2,41,10,0,10,0.007506464,0.084225305,0.459826517,0.448441714,0
2,42,10,0,27,0.034957643,0.051991,0.913051357,0,0
